sample-id,absolute-filepath,direction
G35348,<path_to_data_dir>/data/t1d_samples/G35348_R1_001.fastq.gz,forward
G35348,<path_to_data_dir>/data/t1d_samples/G35348_R2_001.fastq.gz,reverse
G35349,<path_to_data_dir>/data/t1d_samples/G35349_R1_001.fastq.gz,forward
G35349,<path_to_data_dir>/data/t1d_samples/G35349_R2_001.fastq.gz,reverse
G35350,<path_to_data_dir>/data/t1d_samples/G35350_R1_001.fastq.gz,forward
G35350,<path_to_data_dir>/data/t1d_samples/G35350_R2_001.fastq.gz,reverse
G35351,<path_to_data_dir>/data/t1d_samples/G35351_R1_001.fastq.gz,forward
G35351,<path_to_data_dir>/data/t1d_samples/G35351_R2_001.fastq.gz,reverse
G35352,<path_to_data_dir>/data/t1d_samples/G35352_R1_001.fastq.gz,forward
G35352,<path_to_data_dir>/data/t1d_samples/G35352_R2_001.fastq.gz,reverse
G35354,<path_to_data_dir>/data/t1d_samples/G35354_R1_001.fastq.gz,forward
G35354,<path_to_data_dir>/data/t1d_samples/G35354_R2_001.fastq.gz,reverse
G35355,<path_to_data_dir>/data/t1d_samples/G35355_R1_001.fastq.gz,forward
G35355,<path_to_data_dir>/data/t1d_samples/G35355_R2_001.fastq.gz,reverse
G35356,<path_to_data_dir>/data/t1d_samples/G35356_R1_001.fastq.gz,forward
G35356,<path_to_data_dir>/data/t1d_samples/G35356_R2_001.fastq.gz,reverse
G35359,<path_to_data_dir>/data/t1d_samples/G35359_R1_001.fastq.gz,forward
G35359,<path_to_data_dir>/data/t1d_samples/G35359_R2_001.fastq.gz,reverse
G35361,<path_to_data_dir>/data/t1d_samples/G35361_R1_001.fastq.gz,forward
G35361,<path_to_data_dir>/data/t1d_samples/G35361_R2_001.fastq.gz,reverse
G35364,<path_to_data_dir>/data/t1d_samples/G35364_R1_001.fastq.gz,forward
G35364,<path_to_data_dir>/data/t1d_samples/G35364_R2_001.fastq.gz,reverse
G35365,<path_to_data_dir>/data/t1d_samples/G35365_R1_001.fastq.gz,forward
G35365,<path_to_data_dir>/data/t1d_samples/G35365_R2_001.fastq.gz,reverse
G35366,<path_to_data_dir>/data/t1d_samples/G35366_R1_001.fastq.gz,forward
G35366,<path_to_data_dir>/data/t1d_samples/G35366_R2_001.fastq.gz,reverse
G35368,<path_to_data_dir>/data/t1d_samples/G35368_R1_001.fastq.gz,forward
G35368,<path_to_data_dir>/data/t1d_samples/G35368_R2_001.fastq.gz,reverse
G35370,<path_to_data_dir>/data/t1d_samples/G35370_R1_001.fastq.gz,forward
G35370,<path_to_data_dir>/data/t1d_samples/G35370_R2_001.fastq.gz,reverse
G35372,<path_to_data_dir>/data/t1d_samples/G35372_R1_001.fastq.gz,forward
G35372,<path_to_data_dir>/data/t1d_samples/G35372_R2_001.fastq.gz,reverse
G35373,<path_to_data_dir>/data/t1d_samples/G35373_R1_001.fastq.gz,forward
G35373,<path_to_data_dir>/data/t1d_samples/G35373_R2_001.fastq.gz,reverse
G35374,<path_to_data_dir>/data/t1d_samples/G35374_R1_001.fastq.gz,forward
G35374,<path_to_data_dir>/data/t1d_samples/G35374_R2_001.fastq.gz,reverse
G35381,<path_to_data_dir>/data/t1d_samples/G35381_R1_001.fastq.gz,forward
G35381,<path_to_data_dir>/data/t1d_samples/G35381_R2_001.fastq.gz,reverse
G35386,<path_to_data_dir>/data/t1d_samples/G35386_R1_001.fastq.gz,forward
G35386,<path_to_data_dir>/data/t1d_samples/G35386_R2_001.fastq.gz,reverse
G35387,<path_to_data_dir>/data/t1d_samples/G35387_R1_001.fastq.gz,forward
G35387,<path_to_data_dir>/data/t1d_samples/G35387_R2_001.fastq.gz,reverse
G35388,<path_to_data_dir>/data/t1d_samples/G35388_R1_001.fastq.gz,forward
G35388,<path_to_data_dir>/data/t1d_samples/G35388_R2_001.fastq.gz,reverse
G35390,<path_to_data_dir>/data/t1d_samples/G35390_R1_001.fastq.gz,forward
G35390,<path_to_data_dir>/data/t1d_samples/G35390_R2_001.fastq.gz,reverse
G35391,<path_to_data_dir>/data/t1d_samples/G35391_R1_001.fastq.gz,forward
G35391,<path_to_data_dir>/data/t1d_samples/G35391_R2_001.fastq.gz,reverse
G35392,<path_to_data_dir>/data/t1d_samples/G35392_R1_001.fastq.gz,forward
G35392,<path_to_data_dir>/data/t1d_samples/G35392_R2_001.fastq.gz,reverse
G35394,<path_to_data_dir>/data/t1d_samples/G35394_R1_001.fastq.gz,forward
G35394,<path_to_data_dir>/data/t1d_samples/G35394_R2_001.fastq.gz,reverse
G35395,<path_to_data_dir>/data/t1d_samples/G35395_R1_001.fastq.gz,forward
G35395,<path_to_data_dir>/data/t1d_samples/G35395_R2_001.fastq.gz,reverse
G35397,<path_to_data_dir>/data/t1d_samples/G35397_R1_001.fastq.gz,forward
G35397,<path_to_data_dir>/data/t1d_samples/G35397_R2_001.fastq.gz,reverse
G35398,<path_to_data_dir>/data/t1d_samples/G35398_R1_001.fastq.gz,forward
G35398,<path_to_data_dir>/data/t1d_samples/G35398_R2_001.fastq.gz,reverse
G35403,<path_to_data_dir>/data/t1d_samples/G35403_R1_001.fastq.gz,forward
G35403,<path_to_data_dir>/data/t1d_samples/G35403_R2_001.fastq.gz,reverse
G35404,<path_to_data_dir>/data/t1d_samples/G35404_R1_001.fastq.gz,forward
G35404,<path_to_data_dir>/data/t1d_samples/G35404_R2_001.fastq.gz,reverse
G35406,<path_to_data_dir>/data/t1d_samples/G35406_R1_001.fastq.gz,forward
G35406,<path_to_data_dir>/data/t1d_samples/G35406_R2_001.fastq.gz,reverse
G35407,<path_to_data_dir>/data/t1d_samples/G35407_R1_001.fastq.gz,forward
G35407,<path_to_data_dir>/data/t1d_samples/G35407_R2_001.fastq.gz,reverse
G35409,<path_to_data_dir>/data/t1d_samples/G35409_R1_001.fastq.gz,forward
G35409,<path_to_data_dir>/data/t1d_samples/G35409_R2_001.fastq.gz,reverse
G35412,<path_to_data_dir>/data/t1d_samples/G35412_R1_001.fastq.gz,forward
G35412,<path_to_data_dir>/data/t1d_samples/G35412_R2_001.fastq.gz,reverse
G35414,<path_to_data_dir>/data/t1d_samples/G35414_R1_001.fastq.gz,forward
G35414,<path_to_data_dir>/data/t1d_samples/G35414_R2_001.fastq.gz,reverse
G35416,<path_to_data_dir>/data/t1d_samples/G35416_R1_001.fastq.gz,forward
G35416,<path_to_data_dir>/data/t1d_samples/G35416_R2_001.fastq.gz,reverse
G35417,<path_to_data_dir>/data/t1d_samples/G35417_R1_001.fastq.gz,forward
G35417,<path_to_data_dir>/data/t1d_samples/G35417_R2_001.fastq.gz,reverse
G35418,<path_to_data_dir>/data/t1d_samples/G35418_R1_001.fastq.gz,forward
G35418,<path_to_data_dir>/data/t1d_samples/G35418_R2_001.fastq.gz,reverse
G35419,<path_to_data_dir>/data/t1d_samples/G35419_R1_001.fastq.gz,forward
G35419,<path_to_data_dir>/data/t1d_samples/G35419_R2_001.fastq.gz,reverse
G35421,<path_to_data_dir>/data/t1d_samples/G35421_R1_001.fastq.gz,forward
G35421,<path_to_data_dir>/data/t1d_samples/G35421_R2_001.fastq.gz,reverse
G35422,<path_to_data_dir>/data/t1d_samples/G35422_R1_001.fastq.gz,forward
G35422,<path_to_data_dir>/data/t1d_samples/G35422_R2_001.fastq.gz,reverse
G35423,<path_to_data_dir>/data/t1d_samples/G35423_R1_001.fastq.gz,forward
G35423,<path_to_data_dir>/data/t1d_samples/G35423_R2_001.fastq.gz,reverse
G35424,<path_to_data_dir>/data/t1d_samples/G35424_R1_001.fastq.gz,forward
G35424,<path_to_data_dir>/data/t1d_samples/G35424_R2_001.fastq.gz,reverse
G35433,<path_to_data_dir>/data/t1d_samples/G35433_R1_001.fastq.gz,forward
G35433,<path_to_data_dir>/data/t1d_samples/G35433_R2_001.fastq.gz,reverse
G35437,<path_to_data_dir>/data/t1d_samples/G35437_R1_001.fastq.gz,forward
G35437,<path_to_data_dir>/data/t1d_samples/G35437_R2_001.fastq.gz,reverse
G35441,<path_to_data_dir>/data/t1d_samples/G35441_R1_001.fastq.gz,forward
G35441,<path_to_data_dir>/data/t1d_samples/G35441_R2_001.fastq.gz,reverse
G35442,<path_to_data_dir>/data/t1d_samples/G35442_R1_001.fastq.gz,forward
G35442,<path_to_data_dir>/data/t1d_samples/G35442_R2_001.fastq.gz,reverse
G35443,<path_to_data_dir>/data/t1d_samples/G35443_R1_001.fastq.gz,forward
G35443,<path_to_data_dir>/data/t1d_samples/G35443_R2_001.fastq.gz,reverse
G35444,<path_to_data_dir>/data/t1d_samples/G35444_R1_001.fastq.gz,forward
G35444,<path_to_data_dir>/data/t1d_samples/G35444_R2_001.fastq.gz,reverse
G35445,<path_to_data_dir>/data/t1d_samples/G35445_R1_001.fastq.gz,forward
G35445,<path_to_data_dir>/data/t1d_samples/G35445_R2_001.fastq.gz,reverse
G35447,<path_to_data_dir>/data/t1d_samples/G35447_R1_001.fastq.gz,forward
G35447,<path_to_data_dir>/data/t1d_samples/G35447_R2_001.fastq.gz,reverse
G35448,<path_to_data_dir>/data/t1d_samples/G35448_R1_001.fastq.gz,forward
G35448,<path_to_data_dir>/data/t1d_samples/G35448_R2_001.fastq.gz,reverse
G35449,<path_to_data_dir>/data/t1d_samples/G35449_R1_001.fastq.gz,forward
G35449,<path_to_data_dir>/data/t1d_samples/G35449_R2_001.fastq.gz,reverse
G35453,<path_to_data_dir>/data/t1d_samples/G35453_R1_001.fastq.gz,forward
G35453,<path_to_data_dir>/data/t1d_samples/G35453_R2_001.fastq.gz,reverse
G35455,<path_to_data_dir>/data/t1d_samples/G35455_R1_001.fastq.gz,forward
G35455,<path_to_data_dir>/data/t1d_samples/G35455_R2_001.fastq.gz,reverse
G35458,<path_to_data_dir>/data/t1d_samples/G35458_R1_001.fastq.gz,forward
G35458,<path_to_data_dir>/data/t1d_samples/G35458_R2_001.fastq.gz,reverse
G35462,<path_to_data_dir>/data/t1d_samples/G35462_R1_001.fastq.gz,forward
G35462,<path_to_data_dir>/data/t1d_samples/G35462_R2_001.fastq.gz,reverse
G35463,<path_to_data_dir>/data/t1d_samples/G35463_R1_001.fastq.gz,forward
G35463,<path_to_data_dir>/data/t1d_samples/G35463_R2_001.fastq.gz,reverse
G35464,<path_to_data_dir>/data/t1d_samples/G35464_R1_001.fastq.gz,forward
G35464,<path_to_data_dir>/data/t1d_samples/G35464_R2_001.fastq.gz,reverse
G35465,<path_to_data_dir>/data/t1d_samples/G35465_R1_001.fastq.gz,forward
G35465,<path_to_data_dir>/data/t1d_samples/G35465_R2_001.fastq.gz,reverse
G35467,<path_to_data_dir>/data/t1d_samples/G35467_R1_001.fastq.gz,forward
G35467,<path_to_data_dir>/data/t1d_samples/G35467_R2_001.fastq.gz,reverse
G35469,<path_to_data_dir>/data/t1d_samples/G35469_R1_001.fastq.gz,forward
G35469,<path_to_data_dir>/data/t1d_samples/G35469_R2_001.fastq.gz,reverse
G35470,<path_to_data_dir>/data/t1d_samples/G35470_R1_001.fastq.gz,forward
G35470,<path_to_data_dir>/data/t1d_samples/G35470_R2_001.fastq.gz,reverse
G35473,<path_to_data_dir>/data/t1d_samples/G35473_R1_001.fastq.gz,forward
G35473,<path_to_data_dir>/data/t1d_samples/G35473_R2_001.fastq.gz,reverse
G35475,<path_to_data_dir>/data/t1d_samples/G35475_R1_001.fastq.gz,forward
G35475,<path_to_data_dir>/data/t1d_samples/G35475_R2_001.fastq.gz,reverse
G35476,<path_to_data_dir>/data/t1d_samples/G35476_R1_001.fastq.gz,forward
G35476,<path_to_data_dir>/data/t1d_samples/G35476_R2_001.fastq.gz,reverse
G35477,<path_to_data_dir>/data/t1d_samples/G35477_R1_001.fastq.gz,forward
G35477,<path_to_data_dir>/data/t1d_samples/G35477_R2_001.fastq.gz,reverse
G35480,<path_to_data_dir>/data/t1d_samples/G35480_R1_001.fastq.gz,forward
G35480,<path_to_data_dir>/data/t1d_samples/G35480_R2_001.fastq.gz,reverse
G35481,<path_to_data_dir>/data/t1d_samples/G35481_R1_001.fastq.gz,forward
G35481,<path_to_data_dir>/data/t1d_samples/G35481_R2_001.fastq.gz,reverse
G35484,<path_to_data_dir>/data/t1d_samples/G35484_R1_001.fastq.gz,forward
G35484,<path_to_data_dir>/data/t1d_samples/G35484_R2_001.fastq.gz,reverse
G35486,<path_to_data_dir>/data/t1d_samples/G35486_R1_001.fastq.gz,forward
G35486,<path_to_data_dir>/data/t1d_samples/G35486_R2_001.fastq.gz,reverse
G35487,<path_to_data_dir>/data/t1d_samples/G35487_R1_001.fastq.gz,forward
G35487,<path_to_data_dir>/data/t1d_samples/G35487_R2_001.fastq.gz,reverse
G35490,<path_to_data_dir>/data/t1d_samples/G35490_R1_001.fastq.gz,forward
G35490,<path_to_data_dir>/data/t1d_samples/G35490_R2_001.fastq.gz,reverse
G35495,<path_to_data_dir>/data/t1d_samples/G35495_R1_001.fastq.gz,forward
G35495,<path_to_data_dir>/data/t1d_samples/G35495_R2_001.fastq.gz,reverse
G35497,<path_to_data_dir>/data/t1d_samples/G35497_R1_001.fastq.gz,forward
G35497,<path_to_data_dir>/data/t1d_samples/G35497_R2_001.fastq.gz,reverse
G35498,<path_to_data_dir>/data/t1d_samples/G35498_R1_001.fastq.gz,forward
G35498,<path_to_data_dir>/data/t1d_samples/G35498_R2_001.fastq.gz,reverse
G35504,<path_to_data_dir>/data/t1d_samples/G35504_R1_001.fastq.gz,forward
G35504,<path_to_data_dir>/data/t1d_samples/G35504_R2_001.fastq.gz,reverse
G35505,<path_to_data_dir>/data/t1d_samples/G35505_R1_001.fastq.gz,forward
G35505,<path_to_data_dir>/data/t1d_samples/G35505_R2_001.fastq.gz,reverse
G35510,<path_to_data_dir>/data/t1d_samples/G35510_R1_001.fastq.gz,forward
G35510,<path_to_data_dir>/data/t1d_samples/G35510_R2_001.fastq.gz,reverse
G35511,<path_to_data_dir>/data/t1d_samples/G35511_R1_001.fastq.gz,forward
G35511,<path_to_data_dir>/data/t1d_samples/G35511_R2_001.fastq.gz,reverse
G35512,<path_to_data_dir>/data/t1d_samples/G35512_R1_001.fastq.gz,forward
G35512,<path_to_data_dir>/data/t1d_samples/G35512_R2_001.fastq.gz,reverse
G35513,<path_to_data_dir>/data/t1d_samples/G35513_R1_001.fastq.gz,forward
G35513,<path_to_data_dir>/data/t1d_samples/G35513_R2_001.fastq.gz,reverse
G35514,<path_to_data_dir>/data/t1d_samples/G35514_R1_001.fastq.gz,forward
G35514,<path_to_data_dir>/data/t1d_samples/G35514_R2_001.fastq.gz,reverse
G35515,<path_to_data_dir>/data/t1d_samples/G35515_R1_001.fastq.gz,forward
G35515,<path_to_data_dir>/data/t1d_samples/G35515_R2_001.fastq.gz,reverse
G35516,<path_to_data_dir>/data/t1d_samples/G35516_R1_001.fastq.gz,forward
G35516,<path_to_data_dir>/data/t1d_samples/G35516_R2_001.fastq.gz,reverse
G35517,<path_to_data_dir>/data/t1d_samples/G35517_R1_001.fastq.gz,forward
G35517,<path_to_data_dir>/data/t1d_samples/G35517_R2_001.fastq.gz,reverse
G35518,<path_to_data_dir>/data/t1d_samples/G35518_R1_001.fastq.gz,forward
G35518,<path_to_data_dir>/data/t1d_samples/G35518_R2_001.fastq.gz,reverse
G35519,<path_to_data_dir>/data/t1d_samples/G35519_R1_001.fastq.gz,forward
G35519,<path_to_data_dir>/data/t1d_samples/G35519_R2_001.fastq.gz,reverse
G35520,<path_to_data_dir>/data/t1d_samples/G35520_R1_001.fastq.gz,forward
G35520,<path_to_data_dir>/data/t1d_samples/G35520_R2_001.fastq.gz,reverse
G35521,<path_to_data_dir>/data/t1d_samples/G35521_R1_001.fastq.gz,forward
G35521,<path_to_data_dir>/data/t1d_samples/G35521_R2_001.fastq.gz,reverse
G35522,<path_to_data_dir>/data/t1d_samples/G35522_R1_001.fastq.gz,forward
G35522,<path_to_data_dir>/data/t1d_samples/G35522_R2_001.fastq.gz,reverse
G35523,<path_to_data_dir>/data/t1d_samples/G35523_R1_001.fastq.gz,forward
G35523,<path_to_data_dir>/data/t1d_samples/G35523_R2_001.fastq.gz,reverse
G35524,<path_to_data_dir>/data/t1d_samples/G35524_R1_001.fastq.gz,forward
G35524,<path_to_data_dir>/data/t1d_samples/G35524_R2_001.fastq.gz,reverse
G35525,<path_to_data_dir>/data/t1d_samples/G35525_R1_001.fastq.gz,forward
G35525,<path_to_data_dir>/data/t1d_samples/G35525_R2_001.fastq.gz,reverse
G35526,<path_to_data_dir>/data/t1d_samples/G35526_R1_001.fastq.gz,forward
G35526,<path_to_data_dir>/data/t1d_samples/G35526_R2_001.fastq.gz,reverse
G35527,<path_to_data_dir>/data/t1d_samples/G35527_R1_001.fastq.gz,forward
G35527,<path_to_data_dir>/data/t1d_samples/G35527_R2_001.fastq.gz,reverse
G35528,<path_to_data_dir>/data/t1d_samples/G35528_R1_001.fastq.gz,forward
G35528,<path_to_data_dir>/data/t1d_samples/G35528_R2_001.fastq.gz,reverse
G35529,<path_to_data_dir>/data/t1d_samples/G35529_R1_001.fastq.gz,forward
G35529,<path_to_data_dir>/data/t1d_samples/G35529_R2_001.fastq.gz,reverse
G35530,<path_to_data_dir>/data/t1d_samples/G35530_R1_001.fastq.gz,forward
G35530,<path_to_data_dir>/data/t1d_samples/G35530_R2_001.fastq.gz,reverse
G35531,<path_to_data_dir>/data/t1d_samples/G35531_R1_001.fastq.gz,forward
G35531,<path_to_data_dir>/data/t1d_samples/G35531_R2_001.fastq.gz,reverse
G35532,<path_to_data_dir>/data/t1d_samples/G35532_R1_001.fastq.gz,forward
G35532,<path_to_data_dir>/data/t1d_samples/G35532_R2_001.fastq.gz,reverse
G35533,<path_to_data_dir>/data/t1d_samples/G35533_R1_001.fastq.gz,forward
G35533,<path_to_data_dir>/data/t1d_samples/G35533_R2_001.fastq.gz,reverse
G35534,<path_to_data_dir>/data/t1d_samples/G35534_R1_001.fastq.gz,forward
G35534,<path_to_data_dir>/data/t1d_samples/G35534_R2_001.fastq.gz,reverse
G35535,<path_to_data_dir>/data/t1d_samples/G35535_R1_001.fastq.gz,forward
G35535,<path_to_data_dir>/data/t1d_samples/G35535_R2_001.fastq.gz,reverse
G35536,<path_to_data_dir>/data/t1d_samples/G35536_R1_001.fastq.gz,forward
G35536,<path_to_data_dir>/data/t1d_samples/G35536_R2_001.fastq.gz,reverse
G35537,<path_to_data_dir>/data/t1d_samples/G35537_R1_001.fastq.gz,forward
G35537,<path_to_data_dir>/data/t1d_samples/G35537_R2_001.fastq.gz,reverse
G35867,<path_to_data_dir>/data/t1d_samples/G35867_R1_001.fastq.gz,forward
G35867,<path_to_data_dir>/data/t1d_samples/G35867_R2_001.fastq.gz,reverse
G35868,<path_to_data_dir>/data/t1d_samples/G35868_R1_001.fastq.gz,forward
G35868,<path_to_data_dir>/data/t1d_samples/G35868_R2_001.fastq.gz,reverse
G35869,<path_to_data_dir>/data/t1d_samples/G35869_R1_001.fastq.gz,forward
G35869,<path_to_data_dir>/data/t1d_samples/G35869_R2_001.fastq.gz,reverse
G35874,<path_to_data_dir>/data/t1d_samples/G35874_R1_001.fastq.gz,forward
G35874,<path_to_data_dir>/data/t1d_samples/G35874_R2_001.fastq.gz,reverse
G35876,<path_to_data_dir>/data/t1d_samples/G35876_R1_001.fastq.gz,forward
G35876,<path_to_data_dir>/data/t1d_samples/G35876_R2_001.fastq.gz,reverse
G35878,<path_to_data_dir>/data/t1d_samples/G35878_R1_001.fastq.gz,forward
G35878,<path_to_data_dir>/data/t1d_samples/G35878_R2_001.fastq.gz,reverse
G35881,<path_to_data_dir>/data/t1d_samples/G35881_R1_001.fastq.gz,forward
G35881,<path_to_data_dir>/data/t1d_samples/G35881_R2_001.fastq.gz,reverse
G35891,<path_to_data_dir>/data/t1d_samples/G35891_R1_001.fastq.gz,forward
G35891,<path_to_data_dir>/data/t1d_samples/G35891_R2_001.fastq.gz,reverse
G35892,<path_to_data_dir>/data/t1d_samples/G35892_R1_001.fastq.gz,forward
G35892,<path_to_data_dir>/data/t1d_samples/G35892_R2_001.fastq.gz,reverse
G35894,<path_to_data_dir>/data/t1d_samples/G35894_R1_001.fastq.gz,forward
G35894,<path_to_data_dir>/data/t1d_samples/G35894_R2_001.fastq.gz,reverse
G35898,<path_to_data_dir>/data/t1d_samples/G35898_R1_001.fastq.gz,forward
G35898,<path_to_data_dir>/data/t1d_samples/G35898_R2_001.fastq.gz,reverse
G35900,<path_to_data_dir>/data/t1d_samples/G35900_R1_001.fastq.gz,forward
G35900,<path_to_data_dir>/data/t1d_samples/G35900_R2_001.fastq.gz,reverse
G35901,<path_to_data_dir>/data/t1d_samples/G35901_R1_001.fastq.gz,forward
G35901,<path_to_data_dir>/data/t1d_samples/G35901_R2_001.fastq.gz,reverse
G35902,<path_to_data_dir>/data/t1d_samples/G35902_R1_001.fastq.gz,forward
G35902,<path_to_data_dir>/data/t1d_samples/G35902_R2_001.fastq.gz,reverse
G35906,<path_to_data_dir>/data/t1d_samples/G35906_R1_001.fastq.gz,forward
G35906,<path_to_data_dir>/data/t1d_samples/G35906_R2_001.fastq.gz,reverse
G35908,<path_to_data_dir>/data/t1d_samples/G35908_R1_001.fastq.gz,forward
G35908,<path_to_data_dir>/data/t1d_samples/G35908_R2_001.fastq.gz,reverse
G35915,<path_to_data_dir>/data/t1d_samples/G35915_R1_001.fastq.gz,forward
G35915,<path_to_data_dir>/data/t1d_samples/G35915_R2_001.fastq.gz,reverse
G35923,<path_to_data_dir>/data/t1d_samples/G35923_R1_001.fastq.gz,forward
G35923,<path_to_data_dir>/data/t1d_samples/G35923_R2_001.fastq.gz,reverse
G35924,<path_to_data_dir>/data/t1d_samples/G35924_R1_001.fastq.gz,forward
G35924,<path_to_data_dir>/data/t1d_samples/G35924_R2_001.fastq.gz,reverse
G35925,<path_to_data_dir>/data/t1d_samples/G35925_R1_001.fastq.gz,forward
G35925,<path_to_data_dir>/data/t1d_samples/G35925_R2_001.fastq.gz,reverse
G35926,<path_to_data_dir>/data/t1d_samples/G35926_R1_001.fastq.gz,forward
G35926,<path_to_data_dir>/data/t1d_samples/G35926_R2_001.fastq.gz,reverse
G35928,<path_to_data_dir>/data/t1d_samples/G35928_R1_001.fastq.gz,forward
G35928,<path_to_data_dir>/data/t1d_samples/G35928_R2_001.fastq.gz,reverse
G35932,<path_to_data_dir>/data/t1d_samples/G35932_R1_001.fastq.gz,forward
G35932,<path_to_data_dir>/data/t1d_samples/G35932_R2_001.fastq.gz,reverse
G35933,<path_to_data_dir>/data/t1d_samples/G35933_R1_001.fastq.gz,forward
G35933,<path_to_data_dir>/data/t1d_samples/G35933_R2_001.fastq.gz,reverse
G35934,<path_to_data_dir>/data/t1d_samples/G35934_R1_001.fastq.gz,forward
G35934,<path_to_data_dir>/data/t1d_samples/G35934_R2_001.fastq.gz,reverse
G35936,<path_to_data_dir>/data/t1d_samples/G35936_R1_001.fastq.gz,forward
G35936,<path_to_data_dir>/data/t1d_samples/G35936_R2_001.fastq.gz,reverse
G35937,<path_to_data_dir>/data/t1d_samples/G35937_R1_001.fastq.gz,forward
G35937,<path_to_data_dir>/data/t1d_samples/G35937_R2_001.fastq.gz,reverse
G35938,<path_to_data_dir>/data/t1d_samples/G35938_R1_001.fastq.gz,forward
G35938,<path_to_data_dir>/data/t1d_samples/G35938_R2_001.fastq.gz,reverse
G35939,<path_to_data_dir>/data/t1d_samples/G35939_R1_001.fastq.gz,forward
G35939,<path_to_data_dir>/data/t1d_samples/G35939_R2_001.fastq.gz,reverse
G35940,<path_to_data_dir>/data/t1d_samples/G35940_R1_001.fastq.gz,forward
G35940,<path_to_data_dir>/data/t1d_samples/G35940_R2_001.fastq.gz,reverse
G35941,<path_to_data_dir>/data/t1d_samples/G35941_R1_001.fastq.gz,forward
G35941,<path_to_data_dir>/data/t1d_samples/G35941_R2_001.fastq.gz,reverse
G35942,<path_to_data_dir>/data/t1d_samples/G35942_R1_001.fastq.gz,forward
G35942,<path_to_data_dir>/data/t1d_samples/G35942_R2_001.fastq.gz,reverse
G35944,<path_to_data_dir>/data/t1d_samples/G35944_R1_001.fastq.gz,forward
G35944,<path_to_data_dir>/data/t1d_samples/G35944_R2_001.fastq.gz,reverse
G35945,<path_to_data_dir>/data/t1d_samples/G35945_R1_001.fastq.gz,forward
G35945,<path_to_data_dir>/data/t1d_samples/G35945_R2_001.fastq.gz,reverse
G35946,<path_to_data_dir>/data/t1d_samples/G35946_R1_001.fastq.gz,forward
G35946,<path_to_data_dir>/data/t1d_samples/G35946_R2_001.fastq.gz,reverse
G35947,<path_to_data_dir>/data/t1d_samples/G35947_R1_001.fastq.gz,forward
G35947,<path_to_data_dir>/data/t1d_samples/G35947_R2_001.fastq.gz,reverse
G35948,<path_to_data_dir>/data/t1d_samples/G35948_R1_001.fastq.gz,forward
G35948,<path_to_data_dir>/data/t1d_samples/G35948_R2_001.fastq.gz,reverse
G35950,<path_to_data_dir>/data/t1d_samples/G35950_R1_001.fastq.gz,forward
G35950,<path_to_data_dir>/data/t1d_samples/G35950_R2_001.fastq.gz,reverse
G35951,<path_to_data_dir>/data/t1d_samples/G35951_R1_001.fastq.gz,forward
G35951,<path_to_data_dir>/data/t1d_samples/G35951_R2_001.fastq.gz,reverse
G35952,<path_to_data_dir>/data/t1d_samples/G35952_R1_001.fastq.gz,forward
G35952,<path_to_data_dir>/data/t1d_samples/G35952_R2_001.fastq.gz,reverse
G35953,<path_to_data_dir>/data/t1d_samples/G35953_R1_001.fastq.gz,forward
G35953,<path_to_data_dir>/data/t1d_samples/G35953_R2_001.fastq.gz,reverse
G35954,<path_to_data_dir>/data/t1d_samples/G35954_R1_001.fastq.gz,forward
G35954,<path_to_data_dir>/data/t1d_samples/G35954_R2_001.fastq.gz,reverse
G35955,<path_to_data_dir>/data/t1d_samples/G35955_R1_001.fastq.gz,forward
G35955,<path_to_data_dir>/data/t1d_samples/G35955_R2_001.fastq.gz,reverse
G35956,<path_to_data_dir>/data/t1d_samples/G35956_R1_001.fastq.gz,forward
G35956,<path_to_data_dir>/data/t1d_samples/G35956_R2_001.fastq.gz,reverse
G35957,<path_to_data_dir>/data/t1d_samples/G35957_R1_001.fastq.gz,forward
G35957,<path_to_data_dir>/data/t1d_samples/G35957_R2_001.fastq.gz,reverse
G35958,<path_to_data_dir>/data/t1d_samples/G35958_R1_001.fastq.gz,forward
G35958,<path_to_data_dir>/data/t1d_samples/G35958_R2_001.fastq.gz,reverse
G35959,<path_to_data_dir>/data/t1d_samples/G35959_R1_001.fastq.gz,forward
G35959,<path_to_data_dir>/data/t1d_samples/G35959_R2_001.fastq.gz,reverse
G35960,<path_to_data_dir>/data/t1d_samples/G35960_R1_001.fastq.gz,forward
G35960,<path_to_data_dir>/data/t1d_samples/G35960_R2_001.fastq.gz,reverse
G35961,<path_to_data_dir>/data/t1d_samples/G35961_R1_001.fastq.gz,forward
G35961,<path_to_data_dir>/data/t1d_samples/G35961_R2_001.fastq.gz,reverse
G35962,<path_to_data_dir>/data/t1d_samples/G35962_R1_001.fastq.gz,forward
G35962,<path_to_data_dir>/data/t1d_samples/G35962_R2_001.fastq.gz,reverse
G35963,<path_to_data_dir>/data/t1d_samples/G35963_R1_001.fastq.gz,forward
G35963,<path_to_data_dir>/data/t1d_samples/G35963_R2_001.fastq.gz,reverse
G35965,<path_to_data_dir>/data/t1d_samples/G35965_R1_001.fastq.gz,forward
G35965,<path_to_data_dir>/data/t1d_samples/G35965_R2_001.fastq.gz,reverse
G35966,<path_to_data_dir>/data/t1d_samples/G35966_R1_001.fastq.gz,forward
G35966,<path_to_data_dir>/data/t1d_samples/G35966_R2_001.fastq.gz,reverse
G35967,<path_to_data_dir>/data/t1d_samples/G35967_R1_001.fastq.gz,forward
G35967,<path_to_data_dir>/data/t1d_samples/G35967_R2_001.fastq.gz,reverse
G35969,<path_to_data_dir>/data/t1d_samples/G35969_R1_001.fastq.gz,forward
G35969,<path_to_data_dir>/data/t1d_samples/G35969_R2_001.fastq.gz,reverse
G35970,<path_to_data_dir>/data/t1d_samples/G35970_R1_001.fastq.gz,forward
G35970,<path_to_data_dir>/data/t1d_samples/G35970_R2_001.fastq.gz,reverse
G35971,<path_to_data_dir>/data/t1d_samples/G35971_R1_001.fastq.gz,forward
G35971,<path_to_data_dir>/data/t1d_samples/G35971_R2_001.fastq.gz,reverse
G35972,<path_to_data_dir>/data/t1d_samples/G35972_R1_001.fastq.gz,forward
G35972,<path_to_data_dir>/data/t1d_samples/G35972_R2_001.fastq.gz,reverse
G35973,<path_to_data_dir>/data/t1d_samples/G35973_R1_001.fastq.gz,forward
G35973,<path_to_data_dir>/data/t1d_samples/G35973_R2_001.fastq.gz,reverse
G35974,<path_to_data_dir>/data/t1d_samples/G35974_R1_001.fastq.gz,forward
G35974,<path_to_data_dir>/data/t1d_samples/G35974_R2_001.fastq.gz,reverse
G35975,<path_to_data_dir>/data/t1d_samples/G35975_R1_001.fastq.gz,forward
G35975,<path_to_data_dir>/data/t1d_samples/G35975_R2_001.fastq.gz,reverse
G35976,<path_to_data_dir>/data/t1d_samples/G35976_R1_001.fastq.gz,forward
G35976,<path_to_data_dir>/data/t1d_samples/G35976_R2_001.fastq.gz,reverse
G35977,<path_to_data_dir>/data/t1d_samples/G35977_R1_001.fastq.gz,forward
G35977,<path_to_data_dir>/data/t1d_samples/G35977_R2_001.fastq.gz,reverse
G35978,<path_to_data_dir>/data/t1d_samples/G35978_R1_001.fastq.gz,forward
G35978,<path_to_data_dir>/data/t1d_samples/G35978_R2_001.fastq.gz,reverse
G35979,<path_to_data_dir>/data/t1d_samples/G35979_R1_001.fastq.gz,forward
G35979,<path_to_data_dir>/data/t1d_samples/G35979_R2_001.fastq.gz,reverse
G35980,<path_to_data_dir>/data/t1d_samples/G35980_R1_001.fastq.gz,forward
G35980,<path_to_data_dir>/data/t1d_samples/G35980_R2_001.fastq.gz,reverse
G35981,<path_to_data_dir>/data/t1d_samples/G35981_R1_001.fastq.gz,forward
G35981,<path_to_data_dir>/data/t1d_samples/G35981_R2_001.fastq.gz,reverse
G35982,<path_to_data_dir>/data/t1d_samples/G35982_R1_001.fastq.gz,forward
G35982,<path_to_data_dir>/data/t1d_samples/G35982_R2_001.fastq.gz,reverse
G35983,<path_to_data_dir>/data/t1d_samples/G35983_R1_001.fastq.gz,forward
G35983,<path_to_data_dir>/data/t1d_samples/G35983_R2_001.fastq.gz,reverse
G35984,<path_to_data_dir>/data/t1d_samples/G35984_R1_001.fastq.gz,forward
G35984,<path_to_data_dir>/data/t1d_samples/G35984_R2_001.fastq.gz,reverse
G35985,<path_to_data_dir>/data/t1d_samples/G35985_R1_001.fastq.gz,forward
G35985,<path_to_data_dir>/data/t1d_samples/G35985_R2_001.fastq.gz,reverse
G35986,<path_to_data_dir>/data/t1d_samples/G35986_R1_001.fastq.gz,forward
G35986,<path_to_data_dir>/data/t1d_samples/G35986_R2_001.fastq.gz,reverse
G35987,<path_to_data_dir>/data/t1d_samples/G35987_R1_001.fastq.gz,forward
G35987,<path_to_data_dir>/data/t1d_samples/G35987_R2_001.fastq.gz,reverse
G35988,<path_to_data_dir>/data/t1d_samples/G35988_R1_001.fastq.gz,forward
G35988,<path_to_data_dir>/data/t1d_samples/G35988_R2_001.fastq.gz,reverse
G35989,<path_to_data_dir>/data/t1d_samples/G35989_R1_001.fastq.gz,forward
G35989,<path_to_data_dir>/data/t1d_samples/G35989_R2_001.fastq.gz,reverse
G35990,<path_to_data_dir>/data/t1d_samples/G35990_R1_001.fastq.gz,forward
G35990,<path_to_data_dir>/data/t1d_samples/G35990_R2_001.fastq.gz,reverse
G35991,<path_to_data_dir>/data/t1d_samples/G35991_R1_001.fastq.gz,forward
G35991,<path_to_data_dir>/data/t1d_samples/G35991_R2_001.fastq.gz,reverse
G35992,<path_to_data_dir>/data/t1d_samples/G35992_R1_001.fastq.gz,forward
G35992,<path_to_data_dir>/data/t1d_samples/G35992_R2_001.fastq.gz,reverse
G35993,<path_to_data_dir>/data/t1d_samples/G35993_R1_001.fastq.gz,forward
G35993,<path_to_data_dir>/data/t1d_samples/G35993_R2_001.fastq.gz,reverse
G35994,<path_to_data_dir>/data/t1d_samples/G35994_R1_001.fastq.gz,forward
G35994,<path_to_data_dir>/data/t1d_samples/G35994_R2_001.fastq.gz,reverse
G35995,<path_to_data_dir>/data/t1d_samples/G35995_R1_001.fastq.gz,forward
G35995,<path_to_data_dir>/data/t1d_samples/G35995_R2_001.fastq.gz,reverse
G35996,<path_to_data_dir>/data/t1d_samples/G35996_R1_001.fastq.gz,forward
G35996,<path_to_data_dir>/data/t1d_samples/G35996_R2_001.fastq.gz,reverse
G35997,<path_to_data_dir>/data/t1d_samples/G35997_R1_001.fastq.gz,forward
G35997,<path_to_data_dir>/data/t1d_samples/G35997_R2_001.fastq.gz,reverse
G35998,<path_to_data_dir>/data/t1d_samples/G35998_R1_001.fastq.gz,forward
G35998,<path_to_data_dir>/data/t1d_samples/G35998_R2_001.fastq.gz,reverse
G35999,<path_to_data_dir>/data/t1d_samples/G35999_R1_001.fastq.gz,forward
G35999,<path_to_data_dir>/data/t1d_samples/G35999_R2_001.fastq.gz,reverse
G36000,<path_to_data_dir>/data/t1d_samples/G36000_R1_001.fastq.gz,forward
G36000,<path_to_data_dir>/data/t1d_samples/G36000_R2_001.fastq.gz,reverse
G36001,<path_to_data_dir>/data/t1d_samples/G36001_R1_001.fastq.gz,forward
G36001,<path_to_data_dir>/data/t1d_samples/G36001_R2_001.fastq.gz,reverse
G36002,<path_to_data_dir>/data/t1d_samples/G36002_R1_001.fastq.gz,forward
G36002,<path_to_data_dir>/data/t1d_samples/G36002_R2_001.fastq.gz,reverse
G36003,<path_to_data_dir>/data/t1d_samples/G36003_R1_001.fastq.gz,forward
G36003,<path_to_data_dir>/data/t1d_samples/G36003_R2_001.fastq.gz,reverse
G36004,<path_to_data_dir>/data/t1d_samples/G36004_R1_001.fastq.gz,forward
G36004,<path_to_data_dir>/data/t1d_samples/G36004_R2_001.fastq.gz,reverse
G36005,<path_to_data_dir>/data/t1d_samples/G36005_R1_001.fastq.gz,forward
G36005,<path_to_data_dir>/data/t1d_samples/G36005_R2_001.fastq.gz,reverse
G36006,<path_to_data_dir>/data/t1d_samples/G36006_R1_001.fastq.gz,forward
G36006,<path_to_data_dir>/data/t1d_samples/G36006_R2_001.fastq.gz,reverse
G36007,<path_to_data_dir>/data/t1d_samples/G36007_R1_001.fastq.gz,forward
G36007,<path_to_data_dir>/data/t1d_samples/G36007_R2_001.fastq.gz,reverse
G36008,<path_to_data_dir>/data/t1d_samples/G36008_R1_001.fastq.gz,forward
G36008,<path_to_data_dir>/data/t1d_samples/G36008_R2_001.fastq.gz,reverse
G36010,<path_to_data_dir>/data/t1d_samples/G36010_R1_001.fastq.gz,forward
G36010,<path_to_data_dir>/data/t1d_samples/G36010_R2_001.fastq.gz,reverse
G36011,<path_to_data_dir>/data/t1d_samples/G36011_R1_001.fastq.gz,forward
G36011,<path_to_data_dir>/data/t1d_samples/G36011_R2_001.fastq.gz,reverse
G36012,<path_to_data_dir>/data/t1d_samples/G36012_R1_001.fastq.gz,forward
G36012,<path_to_data_dir>/data/t1d_samples/G36012_R2_001.fastq.gz,reverse
G36013,<path_to_data_dir>/data/t1d_samples/G36013_R1_001.fastq.gz,forward
G36013,<path_to_data_dir>/data/t1d_samples/G36013_R2_001.fastq.gz,reverse
G36015,<path_to_data_dir>/data/t1d_samples/G36015_R1_001.fastq.gz,forward
G36015,<path_to_data_dir>/data/t1d_samples/G36015_R2_001.fastq.gz,reverse
G36016,<path_to_data_dir>/data/t1d_samples/G36016_R1_001.fastq.gz,forward
G36016,<path_to_data_dir>/data/t1d_samples/G36016_R2_001.fastq.gz,reverse
G36017,<path_to_data_dir>/data/t1d_samples/G36017_R1_001.fastq.gz,forward
G36017,<path_to_data_dir>/data/t1d_samples/G36017_R2_001.fastq.gz,reverse
G36018,<path_to_data_dir>/data/t1d_samples/G36018_R1_001.fastq.gz,forward
G36018,<path_to_data_dir>/data/t1d_samples/G36018_R2_001.fastq.gz,reverse
G36019,<path_to_data_dir>/data/t1d_samples/G36019_R1_001.fastq.gz,forward
G36019,<path_to_data_dir>/data/t1d_samples/G36019_R2_001.fastq.gz,reverse
G36020,<path_to_data_dir>/data/t1d_samples/G36020_R1_001.fastq.gz,forward
G36020,<path_to_data_dir>/data/t1d_samples/G36020_R2_001.fastq.gz,reverse
G36021,<path_to_data_dir>/data/t1d_samples/G36021_R1_001.fastq.gz,forward
G36021,<path_to_data_dir>/data/t1d_samples/G36021_R2_001.fastq.gz,reverse
G36022,<path_to_data_dir>/data/t1d_samples/G36022_R1_001.fastq.gz,forward
G36022,<path_to_data_dir>/data/t1d_samples/G36022_R2_001.fastq.gz,reverse
G36023,<path_to_data_dir>/data/t1d_samples/G36023_R1_001.fastq.gz,forward
G36023,<path_to_data_dir>/data/t1d_samples/G36023_R2_001.fastq.gz,reverse
G36024,<path_to_data_dir>/data/t1d_samples/G36024_R1_001.fastq.gz,forward
G36024,<path_to_data_dir>/data/t1d_samples/G36024_R2_001.fastq.gz,reverse
G36025,<path_to_data_dir>/data/t1d_samples/G36025_R1_001.fastq.gz,forward
G36025,<path_to_data_dir>/data/t1d_samples/G36025_R2_001.fastq.gz,reverse
G36026,<path_to_data_dir>/data/t1d_samples/G36026_R1_001.fastq.gz,forward
G36026,<path_to_data_dir>/data/t1d_samples/G36026_R2_001.fastq.gz,reverse
G36028,<path_to_data_dir>/data/t1d_samples/G36028_R1_001.fastq.gz,forward
G36028,<path_to_data_dir>/data/t1d_samples/G36028_R2_001.fastq.gz,reverse
G36029,<path_to_data_dir>/data/t1d_samples/G36029_R1_001.fastq.gz,forward
G36029,<path_to_data_dir>/data/t1d_samples/G36029_R2_001.fastq.gz,reverse
G36030,<path_to_data_dir>/data/t1d_samples/G36030_R1_001.fastq.gz,forward
G36030,<path_to_data_dir>/data/t1d_samples/G36030_R2_001.fastq.gz,reverse
G36031,<path_to_data_dir>/data/t1d_samples/G36031_R1_001.fastq.gz,forward
G36031,<path_to_data_dir>/data/t1d_samples/G36031_R2_001.fastq.gz,reverse
G36032,<path_to_data_dir>/data/t1d_samples/G36032_R1_001.fastq.gz,forward
G36032,<path_to_data_dir>/data/t1d_samples/G36032_R2_001.fastq.gz,reverse
G36033,<path_to_data_dir>/data/t1d_samples/G36033_R1_001.fastq.gz,forward
G36033,<path_to_data_dir>/data/t1d_samples/G36033_R2_001.fastq.gz,reverse
G36034,<path_to_data_dir>/data/t1d_samples/G36034_R1_001.fastq.gz,forward
G36034,<path_to_data_dir>/data/t1d_samples/G36034_R2_001.fastq.gz,reverse
G36035,<path_to_data_dir>/data/t1d_samples/G36035_R1_001.fastq.gz,forward
G36035,<path_to_data_dir>/data/t1d_samples/G36035_R2_001.fastq.gz,reverse
G36036,<path_to_data_dir>/data/t1d_samples/G36036_R1_001.fastq.gz,forward
G36036,<path_to_data_dir>/data/t1d_samples/G36036_R2_001.fastq.gz,reverse
G36037,<path_to_data_dir>/data/t1d_samples/G36037_R1_001.fastq.gz,forward
G36037,<path_to_data_dir>/data/t1d_samples/G36037_R2_001.fastq.gz,reverse
G36038,<path_to_data_dir>/data/t1d_samples/G36038_R1_001.fastq.gz,forward
G36038,<path_to_data_dir>/data/t1d_samples/G36038_R2_001.fastq.gz,reverse
G36039,<path_to_data_dir>/data/t1d_samples/G36039_R1_001.fastq.gz,forward
G36039,<path_to_data_dir>/data/t1d_samples/G36039_R2_001.fastq.gz,reverse
G36040,<path_to_data_dir>/data/t1d_samples/G36040_R1_001.fastq.gz,forward
G36040,<path_to_data_dir>/data/t1d_samples/G36040_R2_001.fastq.gz,reverse
G36041,<path_to_data_dir>/data/t1d_samples/G36041_R1_001.fastq.gz,forward
G36041,<path_to_data_dir>/data/t1d_samples/G36041_R2_001.fastq.gz,reverse
G36042,<path_to_data_dir>/data/t1d_samples/G36042_R1_001.fastq.gz,forward
G36042,<path_to_data_dir>/data/t1d_samples/G36042_R2_001.fastq.gz,reverse
G36043,<path_to_data_dir>/data/t1d_samples/G36043_R1_001.fastq.gz,forward
G36043,<path_to_data_dir>/data/t1d_samples/G36043_R2_001.fastq.gz,reverse
G36044,<path_to_data_dir>/data/t1d_samples/G36044_R1_001.fastq.gz,forward
G36044,<path_to_data_dir>/data/t1d_samples/G36044_R2_001.fastq.gz,reverse
G36045,<path_to_data_dir>/data/t1d_samples/G36045_R1_001.fastq.gz,forward
G36045,<path_to_data_dir>/data/t1d_samples/G36045_R2_001.fastq.gz,reverse
G36046,<path_to_data_dir>/data/t1d_samples/G36046_R1_001.fastq.gz,forward
G36046,<path_to_data_dir>/data/t1d_samples/G36046_R2_001.fastq.gz,reverse
G36047,<path_to_data_dir>/data/t1d_samples/G36047_R1_001.fastq.gz,forward
G36047,<path_to_data_dir>/data/t1d_samples/G36047_R2_001.fastq.gz,reverse
G36048,<path_to_data_dir>/data/t1d_samples/G36048_R1_001.fastq.gz,forward
G36048,<path_to_data_dir>/data/t1d_samples/G36048_R2_001.fastq.gz,reverse
G36049,<path_to_data_dir>/data/t1d_samples/G36049_R1_001.fastq.gz,forward
G36049,<path_to_data_dir>/data/t1d_samples/G36049_R2_001.fastq.gz,reverse
G36050,<path_to_data_dir>/data/t1d_samples/G36050_R1_001.fastq.gz,forward
G36050,<path_to_data_dir>/data/t1d_samples/G36050_R2_001.fastq.gz,reverse
G36051,<path_to_data_dir>/data/t1d_samples/G36051_R1_001.fastq.gz,forward
G36051,<path_to_data_dir>/data/t1d_samples/G36051_R2_001.fastq.gz,reverse
G36052,<path_to_data_dir>/data/t1d_samples/G36052_R1_001.fastq.gz,forward
G36052,<path_to_data_dir>/data/t1d_samples/G36052_R2_001.fastq.gz,reverse
G36053,<path_to_data_dir>/data/t1d_samples/G36053_R1_001.fastq.gz,forward
G36053,<path_to_data_dir>/data/t1d_samples/G36053_R2_001.fastq.gz,reverse
G36054,<path_to_data_dir>/data/t1d_samples/G36054_R1_001.fastq.gz,forward
G36054,<path_to_data_dir>/data/t1d_samples/G36054_R2_001.fastq.gz,reverse
G36133,<path_to_data_dir>/data/t1d_samples/G36133_R1_001.fastq.gz,forward
G36133,<path_to_data_dir>/data/t1d_samples/G36133_R2_001.fastq.gz,reverse
G36134,<path_to_data_dir>/data/t1d_samples/G36134_R1_001.fastq.gz,forward
G36134,<path_to_data_dir>/data/t1d_samples/G36134_R2_001.fastq.gz,reverse
G36135,<path_to_data_dir>/data/t1d_samples/G36135_R1_001.fastq.gz,forward
G36135,<path_to_data_dir>/data/t1d_samples/G36135_R2_001.fastq.gz,reverse
G36136,<path_to_data_dir>/data/t1d_samples/G36136_R1_001.fastq.gz,forward
G36136,<path_to_data_dir>/data/t1d_samples/G36136_R2_001.fastq.gz,reverse
G36137,<path_to_data_dir>/data/t1d_samples/G36137_R1_001.fastq.gz,forward
G36137,<path_to_data_dir>/data/t1d_samples/G36137_R2_001.fastq.gz,reverse
G36138,<path_to_data_dir>/data/t1d_samples/G36138_R1_001.fastq.gz,forward
G36138,<path_to_data_dir>/data/t1d_samples/G36138_R2_001.fastq.gz,reverse
G36139,<path_to_data_dir>/data/t1d_samples/G36139_R1_001.fastq.gz,forward
G36139,<path_to_data_dir>/data/t1d_samples/G36139_R2_001.fastq.gz,reverse
G36140,<path_to_data_dir>/data/t1d_samples/G36140_R1_001.fastq.gz,forward
G36140,<path_to_data_dir>/data/t1d_samples/G36140_R2_001.fastq.gz,reverse
G36141,<path_to_data_dir>/data/t1d_samples/G36141_R1_001.fastq.gz,forward
G36141,<path_to_data_dir>/data/t1d_samples/G36141_R2_001.fastq.gz,reverse
G36142,<path_to_data_dir>/data/t1d_samples/G36142_R1_001.fastq.gz,forward
G36142,<path_to_data_dir>/data/t1d_samples/G36142_R2_001.fastq.gz,reverse
G36143,<path_to_data_dir>/data/t1d_samples/G36143_R1_001.fastq.gz,forward
G36143,<path_to_data_dir>/data/t1d_samples/G36143_R2_001.fastq.gz,reverse
G36144,<path_to_data_dir>/data/t1d_samples/G36144_R1_001.fastq.gz,forward
G36144,<path_to_data_dir>/data/t1d_samples/G36144_R2_001.fastq.gz,reverse
G36145,<path_to_data_dir>/data/t1d_samples/G36145_R1_001.fastq.gz,forward
G36145,<path_to_data_dir>/data/t1d_samples/G36145_R2_001.fastq.gz,reverse
G36146,<path_to_data_dir>/data/t1d_samples/G36146_R1_001.fastq.gz,forward
G36146,<path_to_data_dir>/data/t1d_samples/G36146_R2_001.fastq.gz,reverse
G36147,<path_to_data_dir>/data/t1d_samples/G36147_R1_001.fastq.gz,forward
G36147,<path_to_data_dir>/data/t1d_samples/G36147_R2_001.fastq.gz,reverse
G36148,<path_to_data_dir>/data/t1d_samples/G36148_R1_001.fastq.gz,forward
G36148,<path_to_data_dir>/data/t1d_samples/G36148_R2_001.fastq.gz,reverse
G36149,<path_to_data_dir>/data/t1d_samples/G36149_R1_001.fastq.gz,forward
G36149,<path_to_data_dir>/data/t1d_samples/G36149_R2_001.fastq.gz,reverse
G36150,<path_to_data_dir>/data/t1d_samples/G36150_R1_001.fastq.gz,forward
G36150,<path_to_data_dir>/data/t1d_samples/G36150_R2_001.fastq.gz,reverse
G36151,<path_to_data_dir>/data/t1d_samples/G36151_R1_001.fastq.gz,forward
G36151,<path_to_data_dir>/data/t1d_samples/G36151_R2_001.fastq.gz,reverse
G36152,<path_to_data_dir>/data/t1d_samples/G36152_R1_001.fastq.gz,forward
G36152,<path_to_data_dir>/data/t1d_samples/G36152_R2_001.fastq.gz,reverse
G36153,<path_to_data_dir>/data/t1d_samples/G36153_R1_001.fastq.gz,forward
G36153,<path_to_data_dir>/data/t1d_samples/G36153_R2_001.fastq.gz,reverse
G36154,<path_to_data_dir>/data/t1d_samples/G36154_R1_001.fastq.gz,forward
G36154,<path_to_data_dir>/data/t1d_samples/G36154_R2_001.fastq.gz,reverse
G36155,<path_to_data_dir>/data/t1d_samples/G36155_R1_001.fastq.gz,forward
G36155,<path_to_data_dir>/data/t1d_samples/G36155_R2_001.fastq.gz,reverse
G36156,<path_to_data_dir>/data/t1d_samples/G36156_R1_001.fastq.gz,forward
G36156,<path_to_data_dir>/data/t1d_samples/G36156_R2_001.fastq.gz,reverse
G36157,<path_to_data_dir>/data/t1d_samples/G36157_R1_001.fastq.gz,forward
G36157,<path_to_data_dir>/data/t1d_samples/G36157_R2_001.fastq.gz,reverse
G36158,<path_to_data_dir>/data/t1d_samples/G36158_R1_001.fastq.gz,forward
G36158,<path_to_data_dir>/data/t1d_samples/G36158_R2_001.fastq.gz,reverse
G36159,<path_to_data_dir>/data/t1d_samples/G36159_R1_001.fastq.gz,forward
G36159,<path_to_data_dir>/data/t1d_samples/G36159_R2_001.fastq.gz,reverse
G36160,<path_to_data_dir>/data/t1d_samples/G36160_R1_001.fastq.gz,forward
G36160,<path_to_data_dir>/data/t1d_samples/G36160_R2_001.fastq.gz,reverse
G36161,<path_to_data_dir>/data/t1d_samples/G36161_R1_001.fastq.gz,forward
G36161,<path_to_data_dir>/data/t1d_samples/G36161_R2_001.fastq.gz,reverse
G36162,<path_to_data_dir>/data/t1d_samples/G36162_R1_001.fastq.gz,forward
G36162,<path_to_data_dir>/data/t1d_samples/G36162_R2_001.fastq.gz,reverse
G36163,<path_to_data_dir>/data/t1d_samples/G36163_R1_001.fastq.gz,forward
G36163,<path_to_data_dir>/data/t1d_samples/G36163_R2_001.fastq.gz,reverse
G36164,<path_to_data_dir>/data/t1d_samples/G36164_R1_001.fastq.gz,forward
G36164,<path_to_data_dir>/data/t1d_samples/G36164_R2_001.fastq.gz,reverse
G36165,<path_to_data_dir>/data/t1d_samples/G36165_R1_001.fastq.gz,forward
G36165,<path_to_data_dir>/data/t1d_samples/G36165_R2_001.fastq.gz,reverse
G36166,<path_to_data_dir>/data/t1d_samples/G36166_R1_001.fastq.gz,forward
G36166,<path_to_data_dir>/data/t1d_samples/G36166_R2_001.fastq.gz,reverse
G36167,<path_to_data_dir>/data/t1d_samples/G36167_R1_001.fastq.gz,forward
G36167,<path_to_data_dir>/data/t1d_samples/G36167_R2_001.fastq.gz,reverse
G36168,<path_to_data_dir>/data/t1d_samples/G36168_R1_001.fastq.gz,forward
G36168,<path_to_data_dir>/data/t1d_samples/G36168_R2_001.fastq.gz,reverse
G36169,<path_to_data_dir>/data/t1d_samples/G36169_R1_001.fastq.gz,forward
G36169,<path_to_data_dir>/data/t1d_samples/G36169_R2_001.fastq.gz,reverse
G36170,<path_to_data_dir>/data/t1d_samples/G36170_R1_001.fastq.gz,forward
G36170,<path_to_data_dir>/data/t1d_samples/G36170_R2_001.fastq.gz,reverse
G36171,<path_to_data_dir>/data/t1d_samples/G36171_R1_001.fastq.gz,forward
G36171,<path_to_data_dir>/data/t1d_samples/G36171_R2_001.fastq.gz,reverse
G36172,<path_to_data_dir>/data/t1d_samples/G36172_R1_001.fastq.gz,forward
G36172,<path_to_data_dir>/data/t1d_samples/G36172_R2_001.fastq.gz,reverse
G36173,<path_to_data_dir>/data/t1d_samples/G36173_R1_001.fastq.gz,forward
G36173,<path_to_data_dir>/data/t1d_samples/G36173_R2_001.fastq.gz,reverse
G36174,<path_to_data_dir>/data/t1d_samples/G36174_R1_001.fastq.gz,forward
G36174,<path_to_data_dir>/data/t1d_samples/G36174_R2_001.fastq.gz,reverse
G36175,<path_to_data_dir>/data/t1d_samples/G36175_R1_001.fastq.gz,forward
G36175,<path_to_data_dir>/data/t1d_samples/G36175_R2_001.fastq.gz,reverse
G36176,<path_to_data_dir>/data/t1d_samples/G36176_R1_001.fastq.gz,forward
G36176,<path_to_data_dir>/data/t1d_samples/G36176_R2_001.fastq.gz,reverse
G36177,<path_to_data_dir>/data/t1d_samples/G36177_R1_001.fastq.gz,forward
G36177,<path_to_data_dir>/data/t1d_samples/G36177_R2_001.fastq.gz,reverse
G36179,<path_to_data_dir>/data/t1d_samples/G36179_R1_001.fastq.gz,forward
G36179,<path_to_data_dir>/data/t1d_samples/G36179_R2_001.fastq.gz,reverse
G36180,<path_to_data_dir>/data/t1d_samples/G36180_R1_001.fastq.gz,forward
G36180,<path_to_data_dir>/data/t1d_samples/G36180_R2_001.fastq.gz,reverse
G36181,<path_to_data_dir>/data/t1d_samples/G36181_R1_001.fastq.gz,forward
G36181,<path_to_data_dir>/data/t1d_samples/G36181_R2_001.fastq.gz,reverse
G36182,<path_to_data_dir>/data/t1d_samples/G36182_R1_001.fastq.gz,forward
G36182,<path_to_data_dir>/data/t1d_samples/G36182_R2_001.fastq.gz,reverse
G36183,<path_to_data_dir>/data/t1d_samples/G36183_R1_001.fastq.gz,forward
G36183,<path_to_data_dir>/data/t1d_samples/G36183_R2_001.fastq.gz,reverse
G36184,<path_to_data_dir>/data/t1d_samples/G36184_R1_001.fastq.gz,forward
G36184,<path_to_data_dir>/data/t1d_samples/G36184_R2_001.fastq.gz,reverse
G36185,<path_to_data_dir>/data/t1d_samples/G36185_R1_001.fastq.gz,forward
G36185,<path_to_data_dir>/data/t1d_samples/G36185_R2_001.fastq.gz,reverse
G36186,<path_to_data_dir>/data/t1d_samples/G36186_R1_001.fastq.gz,forward
G36186,<path_to_data_dir>/data/t1d_samples/G36186_R2_001.fastq.gz,reverse
G36187,<path_to_data_dir>/data/t1d_samples/G36187_R1_001.fastq.gz,forward
G36187,<path_to_data_dir>/data/t1d_samples/G36187_R2_001.fastq.gz,reverse
G36188,<path_to_data_dir>/data/t1d_samples/G36188_R1_001.fastq.gz,forward
G36188,<path_to_data_dir>/data/t1d_samples/G36188_R2_001.fastq.gz,reverse
G36189,<path_to_data_dir>/data/t1d_samples/G36189_R1_001.fastq.gz,forward
G36189,<path_to_data_dir>/data/t1d_samples/G36189_R2_001.fastq.gz,reverse
G36190,<path_to_data_dir>/data/t1d_samples/G36190_R1_001.fastq.gz,forward
G36190,<path_to_data_dir>/data/t1d_samples/G36190_R2_001.fastq.gz,reverse
G36191,<path_to_data_dir>/data/t1d_samples/G36191_R1_001.fastq.gz,forward
G36191,<path_to_data_dir>/data/t1d_samples/G36191_R2_001.fastq.gz,reverse
G36192,<path_to_data_dir>/data/t1d_samples/G36192_R1_001.fastq.gz,forward
G36192,<path_to_data_dir>/data/t1d_samples/G36192_R2_001.fastq.gz,reverse
G36193,<path_to_data_dir>/data/t1d_samples/G36193_R1_001.fastq.gz,forward
G36193,<path_to_data_dir>/data/t1d_samples/G36193_R2_001.fastq.gz,reverse
G36194,<path_to_data_dir>/data/t1d_samples/G36194_R1_001.fastq.gz,forward
G36194,<path_to_data_dir>/data/t1d_samples/G36194_R2_001.fastq.gz,reverse
G36195,<path_to_data_dir>/data/t1d_samples/G36195_R1_001.fastq.gz,forward
G36195,<path_to_data_dir>/data/t1d_samples/G36195_R2_001.fastq.gz,reverse
G36196,<path_to_data_dir>/data/t1d_samples/G36196_R1_001.fastq.gz,forward
G36196,<path_to_data_dir>/data/t1d_samples/G36196_R2_001.fastq.gz,reverse
G36197,<path_to_data_dir>/data/t1d_samples/G36197_R1_001.fastq.gz,forward
G36197,<path_to_data_dir>/data/t1d_samples/G36197_R2_001.fastq.gz,reverse
G36198,<path_to_data_dir>/data/t1d_samples/G36198_R1_001.fastq.gz,forward
G36198,<path_to_data_dir>/data/t1d_samples/G36198_R2_001.fastq.gz,reverse
G36199,<path_to_data_dir>/data/t1d_samples/G36199_R1_001.fastq.gz,forward
G36199,<path_to_data_dir>/data/t1d_samples/G36199_R2_001.fastq.gz,reverse
G36200,<path_to_data_dir>/data/t1d_samples/G36200_R1_001.fastq.gz,forward
G36200,<path_to_data_dir>/data/t1d_samples/G36200_R2_001.fastq.gz,reverse
G36201,<path_to_data_dir>/data/t1d_samples/G36201_R1_001.fastq.gz,forward
G36201,<path_to_data_dir>/data/t1d_samples/G36201_R2_001.fastq.gz,reverse
G36202,<path_to_data_dir>/data/t1d_samples/G36202_R1_001.fastq.gz,forward
G36202,<path_to_data_dir>/data/t1d_samples/G36202_R2_001.fastq.gz,reverse
G36203,<path_to_data_dir>/data/t1d_samples/G36203_R1_001.fastq.gz,forward
G36203,<path_to_data_dir>/data/t1d_samples/G36203_R2_001.fastq.gz,reverse
G36204,<path_to_data_dir>/data/t1d_samples/G36204_R1_001.fastq.gz,forward
G36204,<path_to_data_dir>/data/t1d_samples/G36204_R2_001.fastq.gz,reverse
G36205,<path_to_data_dir>/data/t1d_samples/G36205_R1_001.fastq.gz,forward
G36205,<path_to_data_dir>/data/t1d_samples/G36205_R2_001.fastq.gz,reverse
G36206,<path_to_data_dir>/data/t1d_samples/G36206_R1_001.fastq.gz,forward
G36206,<path_to_data_dir>/data/t1d_samples/G36206_R2_001.fastq.gz,reverse
G36207,<path_to_data_dir>/data/t1d_samples/G36207_R1_001.fastq.gz,forward
G36207,<path_to_data_dir>/data/t1d_samples/G36207_R2_001.fastq.gz,reverse
G36208,<path_to_data_dir>/data/t1d_samples/G36208_R1_001.fastq.gz,forward
G36208,<path_to_data_dir>/data/t1d_samples/G36208_R2_001.fastq.gz,reverse
G36209,<path_to_data_dir>/data/t1d_samples/G36209_R1_001.fastq.gz,forward
G36209,<path_to_data_dir>/data/t1d_samples/G36209_R2_001.fastq.gz,reverse
G36210,<path_to_data_dir>/data/t1d_samples/G36210_R1_001.fastq.gz,forward
G36210,<path_to_data_dir>/data/t1d_samples/G36210_R2_001.fastq.gz,reverse
G36211,<path_to_data_dir>/data/t1d_samples/G36211_R1_001.fastq.gz,forward
G36211,<path_to_data_dir>/data/t1d_samples/G36211_R2_001.fastq.gz,reverse
G36212,<path_to_data_dir>/data/t1d_samples/G36212_R1_001.fastq.gz,forward
G36212,<path_to_data_dir>/data/t1d_samples/G36212_R2_001.fastq.gz,reverse
G36213,<path_to_data_dir>/data/t1d_samples/G36213_R1_001.fastq.gz,forward
G36213,<path_to_data_dir>/data/t1d_samples/G36213_R2_001.fastq.gz,reverse
G36214,<path_to_data_dir>/data/t1d_samples/G36214_R1_001.fastq.gz,forward
G36214,<path_to_data_dir>/data/t1d_samples/G36214_R2_001.fastq.gz,reverse
G36215,<path_to_data_dir>/data/t1d_samples/G36215_R1_001.fastq.gz,forward
G36215,<path_to_data_dir>/data/t1d_samples/G36215_R2_001.fastq.gz,reverse
G36216,<path_to_data_dir>/data/t1d_samples/G36216_R1_001.fastq.gz,forward
G36216,<path_to_data_dir>/data/t1d_samples/G36216_R2_001.fastq.gz,reverse
G36217,<path_to_data_dir>/data/t1d_samples/G36217_R1_001.fastq.gz,forward
G36217,<path_to_data_dir>/data/t1d_samples/G36217_R2_001.fastq.gz,reverse
G36219,<path_to_data_dir>/data/t1d_samples/G36219_R1_001.fastq.gz,forward
G36219,<path_to_data_dir>/data/t1d_samples/G36219_R2_001.fastq.gz,reverse
G36220,<path_to_data_dir>/data/t1d_samples/G36220_R1_001.fastq.gz,forward
G36220,<path_to_data_dir>/data/t1d_samples/G36220_R2_001.fastq.gz,reverse
G36221,<path_to_data_dir>/data/t1d_samples/G36221_R1_001.fastq.gz,forward
G36221,<path_to_data_dir>/data/t1d_samples/G36221_R2_001.fastq.gz,reverse
G36222,<path_to_data_dir>/data/t1d_samples/G36222_R1_001.fastq.gz,forward
G36222,<path_to_data_dir>/data/t1d_samples/G36222_R2_001.fastq.gz,reverse
G36223,<path_to_data_dir>/data/t1d_samples/G36223_R1_001.fastq.gz,forward
G36223,<path_to_data_dir>/data/t1d_samples/G36223_R2_001.fastq.gz,reverse
G36224,<path_to_data_dir>/data/t1d_samples/G36224_R1_001.fastq.gz,forward
G36224,<path_to_data_dir>/data/t1d_samples/G36224_R2_001.fastq.gz,reverse
G36225,<path_to_data_dir>/data/t1d_samples/G36225_R1_001.fastq.gz,forward
G36225,<path_to_data_dir>/data/t1d_samples/G36225_R2_001.fastq.gz,reverse
G36226,<path_to_data_dir>/data/t1d_samples/G36226_R1_001.fastq.gz,forward
G36226,<path_to_data_dir>/data/t1d_samples/G36226_R2_001.fastq.gz,reverse
G36227,<path_to_data_dir>/data/t1d_samples/G36227_R1_001.fastq.gz,forward
G36227,<path_to_data_dir>/data/t1d_samples/G36227_R2_001.fastq.gz,reverse
G36228,<path_to_data_dir>/data/t1d_samples/G36228_R1_001.fastq.gz,forward
G36228,<path_to_data_dir>/data/t1d_samples/G36228_R2_001.fastq.gz,reverse
G36229,<path_to_data_dir>/data/t1d_samples/G36229_R1_001.fastq.gz,forward
G36229,<path_to_data_dir>/data/t1d_samples/G36229_R2_001.fastq.gz,reverse
G36230,<path_to_data_dir>/data/t1d_samples/G36230_R1_001.fastq.gz,forward
G36230,<path_to_data_dir>/data/t1d_samples/G36230_R2_001.fastq.gz,reverse
G36231,<path_to_data_dir>/data/t1d_samples/G36231_R1_001.fastq.gz,forward
G36231,<path_to_data_dir>/data/t1d_samples/G36231_R2_001.fastq.gz,reverse
G36232,<path_to_data_dir>/data/t1d_samples/G36232_R1_001.fastq.gz,forward
G36232,<path_to_data_dir>/data/t1d_samples/G36232_R2_001.fastq.gz,reverse
G36233,<path_to_data_dir>/data/t1d_samples/G36233_R1_001.fastq.gz,forward
G36233,<path_to_data_dir>/data/t1d_samples/G36233_R2_001.fastq.gz,reverse
G36234,<path_to_data_dir>/data/t1d_samples/G36234_R1_001.fastq.gz,forward
G36234,<path_to_data_dir>/data/t1d_samples/G36234_R2_001.fastq.gz,reverse
G36235,<path_to_data_dir>/data/t1d_samples/G36235_R1_001.fastq.gz,forward
G36235,<path_to_data_dir>/data/t1d_samples/G36235_R2_001.fastq.gz,reverse
G36236,<path_to_data_dir>/data/t1d_samples/G36236_R1_001.fastq.gz,forward
G36236,<path_to_data_dir>/data/t1d_samples/G36236_R2_001.fastq.gz,reverse
G36237,<path_to_data_dir>/data/t1d_samples/G36237_R1_001.fastq.gz,forward
G36237,<path_to_data_dir>/data/t1d_samples/G36237_R2_001.fastq.gz,reverse
G36238,<path_to_data_dir>/data/t1d_samples/G36238_R1_001.fastq.gz,forward
G36238,<path_to_data_dir>/data/t1d_samples/G36238_R2_001.fastq.gz,reverse
G36239,<path_to_data_dir>/data/t1d_samples/G36239_R1_001.fastq.gz,forward
G36239,<path_to_data_dir>/data/t1d_samples/G36239_R2_001.fastq.gz,reverse
G36240,<path_to_data_dir>/data/t1d_samples/G36240_R1_001.fastq.gz,forward
G36240,<path_to_data_dir>/data/t1d_samples/G36240_R2_001.fastq.gz,reverse
G36241,<path_to_data_dir>/data/t1d_samples/G36241_R1_001.fastq.gz,forward
G36241,<path_to_data_dir>/data/t1d_samples/G36241_R2_001.fastq.gz,reverse
G36242,<path_to_data_dir>/data/t1d_samples/G36242_R1_001.fastq.gz,forward
G36242,<path_to_data_dir>/data/t1d_samples/G36242_R2_001.fastq.gz,reverse
G36243,<path_to_data_dir>/data/t1d_samples/G36243_R1_001.fastq.gz,forward
G36243,<path_to_data_dir>/data/t1d_samples/G36243_R2_001.fastq.gz,reverse
G36244,<path_to_data_dir>/data/t1d_samples/G36244_R1_001.fastq.gz,forward
G36244,<path_to_data_dir>/data/t1d_samples/G36244_R2_001.fastq.gz,reverse
G36245,<path_to_data_dir>/data/t1d_samples/G36245_R1_001.fastq.gz,forward
G36245,<path_to_data_dir>/data/t1d_samples/G36245_R2_001.fastq.gz,reverse
G36246,<path_to_data_dir>/data/t1d_samples/G36246_R1_001.fastq.gz,forward
G36246,<path_to_data_dir>/data/t1d_samples/G36246_R2_001.fastq.gz,reverse
G36247,<path_to_data_dir>/data/t1d_samples/G36247_R1_001.fastq.gz,forward
G36247,<path_to_data_dir>/data/t1d_samples/G36247_R2_001.fastq.gz,reverse
G36248,<path_to_data_dir>/data/t1d_samples/G36248_R1_001.fastq.gz,forward
G36248,<path_to_data_dir>/data/t1d_samples/G36248_R2_001.fastq.gz,reverse
G36249,<path_to_data_dir>/data/t1d_samples/G36249_R1_001.fastq.gz,forward
G36249,<path_to_data_dir>/data/t1d_samples/G36249_R2_001.fastq.gz,reverse
G36250,<path_to_data_dir>/data/t1d_samples/G36250_R1_001.fastq.gz,forward
G36250,<path_to_data_dir>/data/t1d_samples/G36250_R2_001.fastq.gz,reverse
G36251,<path_to_data_dir>/data/t1d_samples/G36251_R1_001.fastq.gz,forward
G36251,<path_to_data_dir>/data/t1d_samples/G36251_R2_001.fastq.gz,reverse
G36252,<path_to_data_dir>/data/t1d_samples/G36252_R1_001.fastq.gz,forward
G36252,<path_to_data_dir>/data/t1d_samples/G36252_R2_001.fastq.gz,reverse
G36253,<path_to_data_dir>/data/t1d_samples/G36253_R1_001.fastq.gz,forward
G36253,<path_to_data_dir>/data/t1d_samples/G36253_R2_001.fastq.gz,reverse
G36254,<path_to_data_dir>/data/t1d_samples/G36254_R1_001.fastq.gz,forward
G36254,<path_to_data_dir>/data/t1d_samples/G36254_R2_001.fastq.gz,reverse
G36255,<path_to_data_dir>/data/t1d_samples/G36255_R1_001.fastq.gz,forward
G36255,<path_to_data_dir>/data/t1d_samples/G36255_R2_001.fastq.gz,reverse
G36256,<path_to_data_dir>/data/t1d_samples/G36256_R1_001.fastq.gz,forward
G36256,<path_to_data_dir>/data/t1d_samples/G36256_R2_001.fastq.gz,reverse
G36257,<path_to_data_dir>/data/t1d_samples/G36257_R1_001.fastq.gz,forward
G36257,<path_to_data_dir>/data/t1d_samples/G36257_R2_001.fastq.gz,reverse
G36258,<path_to_data_dir>/data/t1d_samples/G36258_R1_001.fastq.gz,forward
G36258,<path_to_data_dir>/data/t1d_samples/G36258_R2_001.fastq.gz,reverse
G36259,<path_to_data_dir>/data/t1d_samples/G36259_R1_001.fastq.gz,forward
G36259,<path_to_data_dir>/data/t1d_samples/G36259_R2_001.fastq.gz,reverse
G36260,<path_to_data_dir>/data/t1d_samples/G36260_R1_001.fastq.gz,forward
G36260,<path_to_data_dir>/data/t1d_samples/G36260_R2_001.fastq.gz,reverse
G36261,<path_to_data_dir>/data/t1d_samples/G36261_R1_001.fastq.gz,forward
G36261,<path_to_data_dir>/data/t1d_samples/G36261_R2_001.fastq.gz,reverse
G36262,<path_to_data_dir>/data/t1d_samples/G36262_R1_001.fastq.gz,forward
G36262,<path_to_data_dir>/data/t1d_samples/G36262_R2_001.fastq.gz,reverse
G36263,<path_to_data_dir>/data/t1d_samples/G36263_R1_001.fastq.gz,forward
G36263,<path_to_data_dir>/data/t1d_samples/G36263_R2_001.fastq.gz,reverse
G36264,<path_to_data_dir>/data/t1d_samples/G36264_R1_001.fastq.gz,forward
G36264,<path_to_data_dir>/data/t1d_samples/G36264_R2_001.fastq.gz,reverse
G36265,<path_to_data_dir>/data/t1d_samples/G36265_R1_001.fastq.gz,forward
G36265,<path_to_data_dir>/data/t1d_samples/G36265_R2_001.fastq.gz,reverse
G36266,<path_to_data_dir>/data/t1d_samples/G36266_R1_001.fastq.gz,forward
G36266,<path_to_data_dir>/data/t1d_samples/G36266_R2_001.fastq.gz,reverse
G36267,<path_to_data_dir>/data/t1d_samples/G36267_R1_001.fastq.gz,forward
G36267,<path_to_data_dir>/data/t1d_samples/G36267_R2_001.fastq.gz,reverse
G36268,<path_to_data_dir>/data/t1d_samples/G36268_R1_001.fastq.gz,forward
G36268,<path_to_data_dir>/data/t1d_samples/G36268_R2_001.fastq.gz,reverse
G36269,<path_to_data_dir>/data/t1d_samples/G36269_R1_001.fastq.gz,forward
G36269,<path_to_data_dir>/data/t1d_samples/G36269_R2_001.fastq.gz,reverse
G36270,<path_to_data_dir>/data/t1d_samples/G36270_R1_001.fastq.gz,forward
G36270,<path_to_data_dir>/data/t1d_samples/G36270_R2_001.fastq.gz,reverse
G36271,<path_to_data_dir>/data/t1d_samples/G36271_R1_001.fastq.gz,forward
G36271,<path_to_data_dir>/data/t1d_samples/G36271_R2_001.fastq.gz,reverse
G36272,<path_to_data_dir>/data/t1d_samples/G36272_R1_001.fastq.gz,forward
G36272,<path_to_data_dir>/data/t1d_samples/G36272_R2_001.fastq.gz,reverse
G36273,<path_to_data_dir>/data/t1d_samples/G36273_R1_001.fastq.gz,forward
G36273,<path_to_data_dir>/data/t1d_samples/G36273_R2_001.fastq.gz,reverse
G36274,<path_to_data_dir>/data/t1d_samples/G36274_R1_001.fastq.gz,forward
G36274,<path_to_data_dir>/data/t1d_samples/G36274_R2_001.fastq.gz,reverse
G36275,<path_to_data_dir>/data/t1d_samples/G36275_R1_001.fastq.gz,forward
G36275,<path_to_data_dir>/data/t1d_samples/G36275_R2_001.fastq.gz,reverse
G36276,<path_to_data_dir>/data/t1d_samples/G36276_R1_001.fastq.gz,forward
G36276,<path_to_data_dir>/data/t1d_samples/G36276_R2_001.fastq.gz,reverse
G36277,<path_to_data_dir>/data/t1d_samples/G36277_R1_001.fastq.gz,forward
G36277,<path_to_data_dir>/data/t1d_samples/G36277_R2_001.fastq.gz,reverse
G36279,<path_to_data_dir>/data/t1d_samples/G36279_R1_001.fastq.gz,forward
G36279,<path_to_data_dir>/data/t1d_samples/G36279_R2_001.fastq.gz,reverse
G36280,<path_to_data_dir>/data/t1d_samples/G36280_R1_001.fastq.gz,forward
G36280,<path_to_data_dir>/data/t1d_samples/G36280_R2_001.fastq.gz,reverse
G36281,<path_to_data_dir>/data/t1d_samples/G36281_R1_001.fastq.gz,forward
G36281,<path_to_data_dir>/data/t1d_samples/G36281_R2_001.fastq.gz,reverse
G36282,<path_to_data_dir>/data/t1d_samples/G36282_R1_001.fastq.gz,forward
G36282,<path_to_data_dir>/data/t1d_samples/G36282_R2_001.fastq.gz,reverse
G36283,<path_to_data_dir>/data/t1d_samples/G36283_R1_001.fastq.gz,forward
G36283,<path_to_data_dir>/data/t1d_samples/G36283_R2_001.fastq.gz,reverse
G36284,<path_to_data_dir>/data/t1d_samples/G36284_R1_001.fastq.gz,forward
G36284,<path_to_data_dir>/data/t1d_samples/G36284_R2_001.fastq.gz,reverse
G36285,<path_to_data_dir>/data/t1d_samples/G36285_R1_001.fastq.gz,forward
G36285,<path_to_data_dir>/data/t1d_samples/G36285_R2_001.fastq.gz,reverse
G36286,<path_to_data_dir>/data/t1d_samples/G36286_R1_001.fastq.gz,forward
G36286,<path_to_data_dir>/data/t1d_samples/G36286_R2_001.fastq.gz,reverse
G36287,<path_to_data_dir>/data/t1d_samples/G36287_R1_001.fastq.gz,forward
G36287,<path_to_data_dir>/data/t1d_samples/G36287_R2_001.fastq.gz,reverse
G36288,<path_to_data_dir>/data/t1d_samples/G36288_R1_001.fastq.gz,forward
G36288,<path_to_data_dir>/data/t1d_samples/G36288_R2_001.fastq.gz,reverse
G36289,<path_to_data_dir>/data/t1d_samples/G36289_R1_001.fastq.gz,forward
G36289,<path_to_data_dir>/data/t1d_samples/G36289_R2_001.fastq.gz,reverse
G36290,<path_to_data_dir>/data/t1d_samples/G36290_R1_001.fastq.gz,forward
G36290,<path_to_data_dir>/data/t1d_samples/G36290_R2_001.fastq.gz,reverse
G36291,<path_to_data_dir>/data/t1d_samples/G36291_R1_001.fastq.gz,forward
G36291,<path_to_data_dir>/data/t1d_samples/G36291_R2_001.fastq.gz,reverse
G36292,<path_to_data_dir>/data/t1d_samples/G36292_R1_001.fastq.gz,forward
G36292,<path_to_data_dir>/data/t1d_samples/G36292_R2_001.fastq.gz,reverse
G36293,<path_to_data_dir>/data/t1d_samples/G36293_R1_001.fastq.gz,forward
G36293,<path_to_data_dir>/data/t1d_samples/G36293_R2_001.fastq.gz,reverse
G36294,<path_to_data_dir>/data/t1d_samples/G36294_R1_001.fastq.gz,forward
G36294,<path_to_data_dir>/data/t1d_samples/G36294_R2_001.fastq.gz,reverse
G36295,<path_to_data_dir>/data/t1d_samples/G36295_R1_001.fastq.gz,forward
G36295,<path_to_data_dir>/data/t1d_samples/G36295_R2_001.fastq.gz,reverse
G36296,<path_to_data_dir>/data/t1d_samples/G36296_R1_001.fastq.gz,forward
G36296,<path_to_data_dir>/data/t1d_samples/G36296_R2_001.fastq.gz,reverse
G36297,<path_to_data_dir>/data/t1d_samples/G36297_R1_001.fastq.gz,forward
G36297,<path_to_data_dir>/data/t1d_samples/G36297_R2_001.fastq.gz,reverse
G36298,<path_to_data_dir>/data/t1d_samples/G36298_R1_001.fastq.gz,forward
G36298,<path_to_data_dir>/data/t1d_samples/G36298_R2_001.fastq.gz,reverse
G36299,<path_to_data_dir>/data/t1d_samples/G36299_R1_001.fastq.gz,forward
G36299,<path_to_data_dir>/data/t1d_samples/G36299_R2_001.fastq.gz,reverse
G36300,<path_to_data_dir>/data/t1d_samples/G36300_R1_001.fastq.gz,forward
G36300,<path_to_data_dir>/data/t1d_samples/G36300_R2_001.fastq.gz,reverse
G36301,<path_to_data_dir>/data/t1d_samples/G36301_R1_001.fastq.gz,forward
G36301,<path_to_data_dir>/data/t1d_samples/G36301_R2_001.fastq.gz,reverse
G36302,<path_to_data_dir>/data/t1d_samples/G36302_R1_001.fastq.gz,forward
G36302,<path_to_data_dir>/data/t1d_samples/G36302_R2_001.fastq.gz,reverse
G36303,<path_to_data_dir>/data/t1d_samples/G36303_R1_001.fastq.gz,forward
G36303,<path_to_data_dir>/data/t1d_samples/G36303_R2_001.fastq.gz,reverse
G36304,<path_to_data_dir>/data/t1d_samples/G36304_R1_001.fastq.gz,forward
G36304,<path_to_data_dir>/data/t1d_samples/G36304_R2_001.fastq.gz,reverse
G36305,<path_to_data_dir>/data/t1d_samples/G36305_R1_001.fastq.gz,forward
G36305,<path_to_data_dir>/data/t1d_samples/G36305_R2_001.fastq.gz,reverse
G36306,<path_to_data_dir>/data/t1d_samples/G36306_R1_001.fastq.gz,forward
G36306,<path_to_data_dir>/data/t1d_samples/G36306_R2_001.fastq.gz,reverse
G36307,<path_to_data_dir>/data/t1d_samples/G36307_R1_001.fastq.gz,forward
G36307,<path_to_data_dir>/data/t1d_samples/G36307_R2_001.fastq.gz,reverse
G36308,<path_to_data_dir>/data/t1d_samples/G36308_R1_001.fastq.gz,forward
G36308,<path_to_data_dir>/data/t1d_samples/G36308_R2_001.fastq.gz,reverse
G36309,<path_to_data_dir>/data/t1d_samples/G36309_R1_001.fastq.gz,forward
G36309,<path_to_data_dir>/data/t1d_samples/G36309_R2_001.fastq.gz,reverse
G36310,<path_to_data_dir>/data/t1d_samples/G36310_R1_001.fastq.gz,forward
G36310,<path_to_data_dir>/data/t1d_samples/G36310_R2_001.fastq.gz,reverse
G36311,<path_to_data_dir>/data/t1d_samples/G36311_R1_001.fastq.gz,forward
G36311,<path_to_data_dir>/data/t1d_samples/G36311_R2_001.fastq.gz,reverse
G36312,<path_to_data_dir>/data/t1d_samples/G36312_R1_001.fastq.gz,forward
G36312,<path_to_data_dir>/data/t1d_samples/G36312_R2_001.fastq.gz,reverse
G36313,<path_to_data_dir>/data/t1d_samples/G36313_R1_001.fastq.gz,forward
G36313,<path_to_data_dir>/data/t1d_samples/G36313_R2_001.fastq.gz,reverse
G36314,<path_to_data_dir>/data/t1d_samples/G36314_R1_001.fastq.gz,forward
G36314,<path_to_data_dir>/data/t1d_samples/G36314_R2_001.fastq.gz,reverse
G36315,<path_to_data_dir>/data/t1d_samples/G36315_R1_001.fastq.gz,forward
G36315,<path_to_data_dir>/data/t1d_samples/G36315_R2_001.fastq.gz,reverse
G36316,<path_to_data_dir>/data/t1d_samples/G36316_R1_001.fastq.gz,forward
G36316,<path_to_data_dir>/data/t1d_samples/G36316_R2_001.fastq.gz,reverse
G36317,<path_to_data_dir>/data/t1d_samples/G36317_R1_001.fastq.gz,forward
G36317,<path_to_data_dir>/data/t1d_samples/G36317_R2_001.fastq.gz,reverse
G36318,<path_to_data_dir>/data/t1d_samples/G36318_R1_001.fastq.gz,forward
G36318,<path_to_data_dir>/data/t1d_samples/G36318_R2_001.fastq.gz,reverse
G36319,<path_to_data_dir>/data/t1d_samples/G36319_R1_001.fastq.gz,forward
G36319,<path_to_data_dir>/data/t1d_samples/G36319_R2_001.fastq.gz,reverse
G36320,<path_to_data_dir>/data/t1d_samples/G36320_R1_001.fastq.gz,forward
G36320,<path_to_data_dir>/data/t1d_samples/G36320_R2_001.fastq.gz,reverse
G36321,<path_to_data_dir>/data/t1d_samples/G36321_R1_001.fastq.gz,forward
G36321,<path_to_data_dir>/data/t1d_samples/G36321_R2_001.fastq.gz,reverse
G36322,<path_to_data_dir>/data/t1d_samples/G36322_R1_001.fastq.gz,forward
G36322,<path_to_data_dir>/data/t1d_samples/G36322_R2_001.fastq.gz,reverse
G36408,<path_to_data_dir>/data/t1d_samples/G36408_R1_001.fastq.gz,forward
G36408,<path_to_data_dir>/data/t1d_samples/G36408_R2_001.fastq.gz,reverse
G36413,<path_to_data_dir>/data/t1d_samples/G36413_R1_001.fastq.gz,forward
G36413,<path_to_data_dir>/data/t1d_samples/G36413_R2_001.fastq.gz,reverse
G36417,<path_to_data_dir>/data/t1d_samples/G36417_R1_001.fastq.gz,forward
G36417,<path_to_data_dir>/data/t1d_samples/G36417_R2_001.fastq.gz,reverse
G36419,<path_to_data_dir>/data/t1d_samples/G36419_R1_001.fastq.gz,forward
G36419,<path_to_data_dir>/data/t1d_samples/G36419_R2_001.fastq.gz,reverse
G36420,<path_to_data_dir>/data/t1d_samples/G36420_R1_001.fastq.gz,forward
G36420,<path_to_data_dir>/data/t1d_samples/G36420_R2_001.fastq.gz,reverse
G36421,<path_to_data_dir>/data/t1d_samples/G36421_R1_001.fastq.gz,forward
G36421,<path_to_data_dir>/data/t1d_samples/G36421_R2_001.fastq.gz,reverse
G36422,<path_to_data_dir>/data/t1d_samples/G36422_R1_001.fastq.gz,forward
G36422,<path_to_data_dir>/data/t1d_samples/G36422_R2_001.fastq.gz,reverse
G36423,<path_to_data_dir>/data/t1d_samples/G36423_R1_001.fastq.gz,forward
G36423,<path_to_data_dir>/data/t1d_samples/G36423_R2_001.fastq.gz,reverse
G36424,<path_to_data_dir>/data/t1d_samples/G36424_R1_001.fastq.gz,forward
G36424,<path_to_data_dir>/data/t1d_samples/G36424_R2_001.fastq.gz,reverse
G36429,<path_to_data_dir>/data/t1d_samples/G36429_R1_001.fastq.gz,forward
G36429,<path_to_data_dir>/data/t1d_samples/G36429_R2_001.fastq.gz,reverse
G36430,<path_to_data_dir>/data/t1d_samples/G36430_R1_001.fastq.gz,forward
G36430,<path_to_data_dir>/data/t1d_samples/G36430_R2_001.fastq.gz,reverse
G36431,<path_to_data_dir>/data/t1d_samples/G36431_R1_001.fastq.gz,forward
G36431,<path_to_data_dir>/data/t1d_samples/G36431_R2_001.fastq.gz,reverse
G36432,<path_to_data_dir>/data/t1d_samples/G36432_R1_001.fastq.gz,forward
G36432,<path_to_data_dir>/data/t1d_samples/G36432_R2_001.fastq.gz,reverse
G36433,<path_to_data_dir>/data/t1d_samples/G36433_R1_001.fastq.gz,forward
G36433,<path_to_data_dir>/data/t1d_samples/G36433_R2_001.fastq.gz,reverse
G36434,<path_to_data_dir>/data/t1d_samples/G36434_R1_001.fastq.gz,forward
G36434,<path_to_data_dir>/data/t1d_samples/G36434_R2_001.fastq.gz,reverse
G36435,<path_to_data_dir>/data/t1d_samples/G36435_R1_001.fastq.gz,forward
G36435,<path_to_data_dir>/data/t1d_samples/G36435_R2_001.fastq.gz,reverse
G36436,<path_to_data_dir>/data/t1d_samples/G36436_R1_001.fastq.gz,forward
G36436,<path_to_data_dir>/data/t1d_samples/G36436_R2_001.fastq.gz,reverse
G36437,<path_to_data_dir>/data/t1d_samples/G36437_R1_001.fastq.gz,forward
G36437,<path_to_data_dir>/data/t1d_samples/G36437_R2_001.fastq.gz,reverse
G36438,<path_to_data_dir>/data/t1d_samples/G36438_R1_001.fastq.gz,forward
G36438,<path_to_data_dir>/data/t1d_samples/G36438_R2_001.fastq.gz,reverse
G36439,<path_to_data_dir>/data/t1d_samples/G36439_R1_001.fastq.gz,forward
G36439,<path_to_data_dir>/data/t1d_samples/G36439_R2_001.fastq.gz,reverse
G36440,<path_to_data_dir>/data/t1d_samples/G36440_R1_001.fastq.gz,forward
G36440,<path_to_data_dir>/data/t1d_samples/G36440_R2_001.fastq.gz,reverse
G36442,<path_to_data_dir>/data/t1d_samples/G36442_R1_001.fastq.gz,forward
G36442,<path_to_data_dir>/data/t1d_samples/G36442_R2_001.fastq.gz,reverse
G36443,<path_to_data_dir>/data/t1d_samples/G36443_R1_001.fastq.gz,forward
G36443,<path_to_data_dir>/data/t1d_samples/G36443_R2_001.fastq.gz,reverse
G36444,<path_to_data_dir>/data/t1d_samples/G36444_R1_001.fastq.gz,forward
G36444,<path_to_data_dir>/data/t1d_samples/G36444_R2_001.fastq.gz,reverse
G36445,<path_to_data_dir>/data/t1d_samples/G36445_R1_001.fastq.gz,forward
G36445,<path_to_data_dir>/data/t1d_samples/G36445_R2_001.fastq.gz,reverse
G36446,<path_to_data_dir>/data/t1d_samples/G36446_R1_001.fastq.gz,forward
G36446,<path_to_data_dir>/data/t1d_samples/G36446_R2_001.fastq.gz,reverse
G36448,<path_to_data_dir>/data/t1d_samples/G36448_R1_001.fastq.gz,forward
G36448,<path_to_data_dir>/data/t1d_samples/G36448_R2_001.fastq.gz,reverse
G36449,<path_to_data_dir>/data/t1d_samples/G36449_R1_001.fastq.gz,forward
G36449,<path_to_data_dir>/data/t1d_samples/G36449_R2_001.fastq.gz,reverse
G36450,<path_to_data_dir>/data/t1d_samples/G36450_R1_001.fastq.gz,forward
G36450,<path_to_data_dir>/data/t1d_samples/G36450_R2_001.fastq.gz,reverse
G36451,<path_to_data_dir>/data/t1d_samples/G36451_R1_001.fastq.gz,forward
G36451,<path_to_data_dir>/data/t1d_samples/G36451_R2_001.fastq.gz,reverse
G36452,<path_to_data_dir>/data/t1d_samples/G36452_R1_001.fastq.gz,forward
G36452,<path_to_data_dir>/data/t1d_samples/G36452_R2_001.fastq.gz,reverse
G36454,<path_to_data_dir>/data/t1d_samples/G36454_R1_001.fastq.gz,forward
G36454,<path_to_data_dir>/data/t1d_samples/G36454_R2_001.fastq.gz,reverse
G36455,<path_to_data_dir>/data/t1d_samples/G36455_R1_001.fastq.gz,forward
G36455,<path_to_data_dir>/data/t1d_samples/G36455_R2_001.fastq.gz,reverse
G36456,<path_to_data_dir>/data/t1d_samples/G36456_R1_001.fastq.gz,forward
G36456,<path_to_data_dir>/data/t1d_samples/G36456_R2_001.fastq.gz,reverse
G36457,<path_to_data_dir>/data/t1d_samples/G36457_R1_001.fastq.gz,forward
G36457,<path_to_data_dir>/data/t1d_samples/G36457_R2_001.fastq.gz,reverse
G36458,<path_to_data_dir>/data/t1d_samples/G36458_R1_001.fastq.gz,forward
G36458,<path_to_data_dir>/data/t1d_samples/G36458_R2_001.fastq.gz,reverse
G36459,<path_to_data_dir>/data/t1d_samples/G36459_R1_001.fastq.gz,forward
G36459,<path_to_data_dir>/data/t1d_samples/G36459_R2_001.fastq.gz,reverse
G36460,<path_to_data_dir>/data/t1d_samples/G36460_R1_001.fastq.gz,forward
G36460,<path_to_data_dir>/data/t1d_samples/G36460_R2_001.fastq.gz,reverse
G36461,<path_to_data_dir>/data/t1d_samples/G36461_R1_001.fastq.gz,forward
G36461,<path_to_data_dir>/data/t1d_samples/G36461_R2_001.fastq.gz,reverse
G36462,<path_to_data_dir>/data/t1d_samples/G36462_R1_001.fastq.gz,forward
G36462,<path_to_data_dir>/data/t1d_samples/G36462_R2_001.fastq.gz,reverse
G36464,<path_to_data_dir>/data/t1d_samples/G36464_R1_001.fastq.gz,forward
G36464,<path_to_data_dir>/data/t1d_samples/G36464_R2_001.fastq.gz,reverse
G36465,<path_to_data_dir>/data/t1d_samples/G36465_R1_001.fastq.gz,forward
G36465,<path_to_data_dir>/data/t1d_samples/G36465_R2_001.fastq.gz,reverse
G36466,<path_to_data_dir>/data/t1d_samples/G36466_R1_001.fastq.gz,forward
G36466,<path_to_data_dir>/data/t1d_samples/G36466_R2_001.fastq.gz,reverse
G36467,<path_to_data_dir>/data/t1d_samples/G36467_R1_001.fastq.gz,forward
G36467,<path_to_data_dir>/data/t1d_samples/G36467_R2_001.fastq.gz,reverse
G36468,<path_to_data_dir>/data/t1d_samples/G36468_R1_001.fastq.gz,forward
G36468,<path_to_data_dir>/data/t1d_samples/G36468_R2_001.fastq.gz,reverse
G36470,<path_to_data_dir>/data/t1d_samples/G36470_R1_001.fastq.gz,forward
G36470,<path_to_data_dir>/data/t1d_samples/G36470_R2_001.fastq.gz,reverse
G36471,<path_to_data_dir>/data/t1d_samples/G36471_R1_001.fastq.gz,forward
G36471,<path_to_data_dir>/data/t1d_samples/G36471_R2_001.fastq.gz,reverse
G36472,<path_to_data_dir>/data/t1d_samples/G36472_R1_001.fastq.gz,forward
G36472,<path_to_data_dir>/data/t1d_samples/G36472_R2_001.fastq.gz,reverse
G36473,<path_to_data_dir>/data/t1d_samples/G36473_R1_001.fastq.gz,forward
G36473,<path_to_data_dir>/data/t1d_samples/G36473_R2_001.fastq.gz,reverse
G36474,<path_to_data_dir>/data/t1d_samples/G36474_R1_001.fastq.gz,forward
G36474,<path_to_data_dir>/data/t1d_samples/G36474_R2_001.fastq.gz,reverse
G36475,<path_to_data_dir>/data/t1d_samples/G36475_R1_001.fastq.gz,forward
G36475,<path_to_data_dir>/data/t1d_samples/G36475_R2_001.fastq.gz,reverse
G36476,<path_to_data_dir>/data/t1d_samples/G36476_R1_001.fastq.gz,forward
G36476,<path_to_data_dir>/data/t1d_samples/G36476_R2_001.fastq.gz,reverse
G36477,<path_to_data_dir>/data/t1d_samples/G36477_R1_001.fastq.gz,forward
G36477,<path_to_data_dir>/data/t1d_samples/G36477_R2_001.fastq.gz,reverse
G36478,<path_to_data_dir>/data/t1d_samples/G36478_R1_001.fastq.gz,forward
G36478,<path_to_data_dir>/data/t1d_samples/G36478_R2_001.fastq.gz,reverse
G36479,<path_to_data_dir>/data/t1d_samples/G36479_R1_001.fastq.gz,forward
G36479,<path_to_data_dir>/data/t1d_samples/G36479_R2_001.fastq.gz,reverse
G36480,<path_to_data_dir>/data/t1d_samples/G36480_R1_001.fastq.gz,forward
G36480,<path_to_data_dir>/data/t1d_samples/G36480_R2_001.fastq.gz,reverse
G36481,<path_to_data_dir>/data/t1d_samples/G36481_R1_001.fastq.gz,forward
G36481,<path_to_data_dir>/data/t1d_samples/G36481_R2_001.fastq.gz,reverse
G36482,<path_to_data_dir>/data/t1d_samples/G36482_R1_001.fastq.gz,forward
G36482,<path_to_data_dir>/data/t1d_samples/G36482_R2_001.fastq.gz,reverse
G36484,<path_to_data_dir>/data/t1d_samples/G36484_R1_001.fastq.gz,forward
G36484,<path_to_data_dir>/data/t1d_samples/G36484_R2_001.fastq.gz,reverse
G36485,<path_to_data_dir>/data/t1d_samples/G36485_R1_001.fastq.gz,forward
G36485,<path_to_data_dir>/data/t1d_samples/G36485_R2_001.fastq.gz,reverse
G36486,<path_to_data_dir>/data/t1d_samples/G36486_R1_001.fastq.gz,forward
G36486,<path_to_data_dir>/data/t1d_samples/G36486_R2_001.fastq.gz,reverse
G36487,<path_to_data_dir>/data/t1d_samples/G36487_R1_001.fastq.gz,forward
G36487,<path_to_data_dir>/data/t1d_samples/G36487_R2_001.fastq.gz,reverse
G36488,<path_to_data_dir>/data/t1d_samples/G36488_R1_001.fastq.gz,forward
G36488,<path_to_data_dir>/data/t1d_samples/G36488_R2_001.fastq.gz,reverse
G36489,<path_to_data_dir>/data/t1d_samples/G36489_R1_001.fastq.gz,forward
G36489,<path_to_data_dir>/data/t1d_samples/G36489_R2_001.fastq.gz,reverse
G36490,<path_to_data_dir>/data/t1d_samples/G36490_R1_001.fastq.gz,forward
G36490,<path_to_data_dir>/data/t1d_samples/G36490_R2_001.fastq.gz,reverse
G36491,<path_to_data_dir>/data/t1d_samples/G36491_R1_001.fastq.gz,forward
G36491,<path_to_data_dir>/data/t1d_samples/G36491_R2_001.fastq.gz,reverse
G36492,<path_to_data_dir>/data/t1d_samples/G36492_R1_001.fastq.gz,forward
G36492,<path_to_data_dir>/data/t1d_samples/G36492_R2_001.fastq.gz,reverse
G36493,<path_to_data_dir>/data/t1d_samples/G36493_R1_001.fastq.gz,forward
G36493,<path_to_data_dir>/data/t1d_samples/G36493_R2_001.fastq.gz,reverse
G36494,<path_to_data_dir>/data/t1d_samples/G36494_R1_001.fastq.gz,forward
G36494,<path_to_data_dir>/data/t1d_samples/G36494_R2_001.fastq.gz,reverse
G36495,<path_to_data_dir>/data/t1d_samples/G36495_R1_001.fastq.gz,forward
G36495,<path_to_data_dir>/data/t1d_samples/G36495_R2_001.fastq.gz,reverse
G36496,<path_to_data_dir>/data/t1d_samples/G36496_R1_001.fastq.gz,forward
G36496,<path_to_data_dir>/data/t1d_samples/G36496_R2_001.fastq.gz,reverse
G36497,<path_to_data_dir>/data/t1d_samples/G36497_R1_001.fastq.gz,forward
G36497,<path_to_data_dir>/data/t1d_samples/G36497_R2_001.fastq.gz,reverse
G36498,<path_to_data_dir>/data/t1d_samples/G36498_R1_001.fastq.gz,forward
G36498,<path_to_data_dir>/data/t1d_samples/G36498_R2_001.fastq.gz,reverse
G36499,<path_to_data_dir>/data/t1d_samples/G36499_R1_001.fastq.gz,forward
G36499,<path_to_data_dir>/data/t1d_samples/G36499_R2_001.fastq.gz,reverse
G36500,<path_to_data_dir>/data/t1d_samples/G36500_R1_001.fastq.gz,forward
G36500,<path_to_data_dir>/data/t1d_samples/G36500_R2_001.fastq.gz,reverse
G36501,<path_to_data_dir>/data/t1d_samples/G36501_R1_001.fastq.gz,forward
G36501,<path_to_data_dir>/data/t1d_samples/G36501_R2_001.fastq.gz,reverse
G36502,<path_to_data_dir>/data/t1d_samples/G36502_R1_001.fastq.gz,forward
G36502,<path_to_data_dir>/data/t1d_samples/G36502_R2_001.fastq.gz,reverse
G36503,<path_to_data_dir>/data/t1d_samples/G36503_R1_001.fastq.gz,forward
G36503,<path_to_data_dir>/data/t1d_samples/G36503_R2_001.fastq.gz,reverse
G36505,<path_to_data_dir>/data/t1d_samples/G36505_R1_001.fastq.gz,forward
G36505,<path_to_data_dir>/data/t1d_samples/G36505_R2_001.fastq.gz,reverse
G36506,<path_to_data_dir>/data/t1d_samples/G36506_R1_001.fastq.gz,forward
G36506,<path_to_data_dir>/data/t1d_samples/G36506_R2_001.fastq.gz,reverse
G36507,<path_to_data_dir>/data/t1d_samples/G36507_R1_001.fastq.gz,forward
G36507,<path_to_data_dir>/data/t1d_samples/G36507_R2_001.fastq.gz,reverse
G36508,<path_to_data_dir>/data/t1d_samples/G36508_R1_001.fastq.gz,forward
G36508,<path_to_data_dir>/data/t1d_samples/G36508_R2_001.fastq.gz,reverse
G36509,<path_to_data_dir>/data/t1d_samples/G36509_R1_001.fastq.gz,forward
G36509,<path_to_data_dir>/data/t1d_samples/G36509_R2_001.fastq.gz,reverse
G36510,<path_to_data_dir>/data/t1d_samples/G36510_R1_001.fastq.gz,forward
G36510,<path_to_data_dir>/data/t1d_samples/G36510_R2_001.fastq.gz,reverse
G36511,<path_to_data_dir>/data/t1d_samples/G36511_R1_001.fastq.gz,forward
G36511,<path_to_data_dir>/data/t1d_samples/G36511_R2_001.fastq.gz,reverse
G36512,<path_to_data_dir>/data/t1d_samples/G36512_R1_001.fastq.gz,forward
G36512,<path_to_data_dir>/data/t1d_samples/G36512_R2_001.fastq.gz,reverse
G36513,<path_to_data_dir>/data/t1d_samples/G36513_R1_001.fastq.gz,forward
G36513,<path_to_data_dir>/data/t1d_samples/G36513_R2_001.fastq.gz,reverse
G36514,<path_to_data_dir>/data/t1d_samples/G36514_R1_001.fastq.gz,forward
G36514,<path_to_data_dir>/data/t1d_samples/G36514_R2_001.fastq.gz,reverse
G36515,<path_to_data_dir>/data/t1d_samples/G36515_R1_001.fastq.gz,forward
G36515,<path_to_data_dir>/data/t1d_samples/G36515_R2_001.fastq.gz,reverse
G36516,<path_to_data_dir>/data/t1d_samples/G36516_R1_001.fastq.gz,forward
G36516,<path_to_data_dir>/data/t1d_samples/G36516_R2_001.fastq.gz,reverse
G36517,<path_to_data_dir>/data/t1d_samples/G36517_R1_001.fastq.gz,forward
G36517,<path_to_data_dir>/data/t1d_samples/G36517_R2_001.fastq.gz,reverse
G36518,<path_to_data_dir>/data/t1d_samples/G36518_R1_001.fastq.gz,forward
G36518,<path_to_data_dir>/data/t1d_samples/G36518_R2_001.fastq.gz,reverse
G36519,<path_to_data_dir>/data/t1d_samples/G36519_R1_001.fastq.gz,forward
G36519,<path_to_data_dir>/data/t1d_samples/G36519_R2_001.fastq.gz,reverse
G36520,<path_to_data_dir>/data/t1d_samples/G36520_R1_001.fastq.gz,forward
G36520,<path_to_data_dir>/data/t1d_samples/G36520_R2_001.fastq.gz,reverse
G36521,<path_to_data_dir>/data/t1d_samples/G36521_R1_001.fastq.gz,forward
G36521,<path_to_data_dir>/data/t1d_samples/G36521_R2_001.fastq.gz,reverse
G36522,<path_to_data_dir>/data/t1d_samples/G36522_R1_001.fastq.gz,forward
G36522,<path_to_data_dir>/data/t1d_samples/G36522_R2_001.fastq.gz,reverse
G36523,<path_to_data_dir>/data/t1d_samples/G36523_R1_001.fastq.gz,forward
G36523,<path_to_data_dir>/data/t1d_samples/G36523_R2_001.fastq.gz,reverse
G36524,<path_to_data_dir>/data/t1d_samples/G36524_R1_001.fastq.gz,forward
G36524,<path_to_data_dir>/data/t1d_samples/G36524_R2_001.fastq.gz,reverse
G36525,<path_to_data_dir>/data/t1d_samples/G36525_R1_001.fastq.gz,forward
G36525,<path_to_data_dir>/data/t1d_samples/G36525_R2_001.fastq.gz,reverse
G36526,<path_to_data_dir>/data/t1d_samples/G36526_R1_001.fastq.gz,forward
G36526,<path_to_data_dir>/data/t1d_samples/G36526_R2_001.fastq.gz,reverse
G36527,<path_to_data_dir>/data/t1d_samples/G36527_R1_001.fastq.gz,forward
G36527,<path_to_data_dir>/data/t1d_samples/G36527_R2_001.fastq.gz,reverse
G36528,<path_to_data_dir>/data/t1d_samples/G36528_R1_001.fastq.gz,forward
G36528,<path_to_data_dir>/data/t1d_samples/G36528_R2_001.fastq.gz,reverse
G36529,<path_to_data_dir>/data/t1d_samples/G36529_R1_001.fastq.gz,forward
G36529,<path_to_data_dir>/data/t1d_samples/G36529_R2_001.fastq.gz,reverse
G36530,<path_to_data_dir>/data/t1d_samples/G36530_R1_001.fastq.gz,forward
G36530,<path_to_data_dir>/data/t1d_samples/G36530_R2_001.fastq.gz,reverse
G36531,<path_to_data_dir>/data/t1d_samples/G36531_R1_001.fastq.gz,forward
G36531,<path_to_data_dir>/data/t1d_samples/G36531_R2_001.fastq.gz,reverse
G36532,<path_to_data_dir>/data/t1d_samples/G36532_R1_001.fastq.gz,forward
G36532,<path_to_data_dir>/data/t1d_samples/G36532_R2_001.fastq.gz,reverse
G36533,<path_to_data_dir>/data/t1d_samples/G36533_R1_001.fastq.gz,forward
G36533,<path_to_data_dir>/data/t1d_samples/G36533_R2_001.fastq.gz,reverse
G36534,<path_to_data_dir>/data/t1d_samples/G36534_R1_001.fastq.gz,forward
G36534,<path_to_data_dir>/data/t1d_samples/G36534_R2_001.fastq.gz,reverse
G36535,<path_to_data_dir>/data/t1d_samples/G36535_R1_001.fastq.gz,forward
G36535,<path_to_data_dir>/data/t1d_samples/G36535_R2_001.fastq.gz,reverse
G36536,<path_to_data_dir>/data/t1d_samples/G36536_R1_001.fastq.gz,forward
G36536,<path_to_data_dir>/data/t1d_samples/G36536_R2_001.fastq.gz,reverse
G36537,<path_to_data_dir>/data/t1d_samples/G36537_R1_001.fastq.gz,forward
G36537,<path_to_data_dir>/data/t1d_samples/G36537_R2_001.fastq.gz,reverse
G36538,<path_to_data_dir>/data/t1d_samples/G36538_R1_001.fastq.gz,forward
G36538,<path_to_data_dir>/data/t1d_samples/G36538_R2_001.fastq.gz,reverse
G36540,<path_to_data_dir>/data/t1d_samples/G36540_R1_001.fastq.gz,forward
G36540,<path_to_data_dir>/data/t1d_samples/G36540_R2_001.fastq.gz,reverse
G36541,<path_to_data_dir>/data/t1d_samples/G36541_R1_001.fastq.gz,forward
G36541,<path_to_data_dir>/data/t1d_samples/G36541_R2_001.fastq.gz,reverse
G36542,<path_to_data_dir>/data/t1d_samples/G36542_R1_001.fastq.gz,forward
G36542,<path_to_data_dir>/data/t1d_samples/G36542_R2_001.fastq.gz,reverse
G36543,<path_to_data_dir>/data/t1d_samples/G36543_R1_001.fastq.gz,forward
G36543,<path_to_data_dir>/data/t1d_samples/G36543_R2_001.fastq.gz,reverse
G36544,<path_to_data_dir>/data/t1d_samples/G36544_R1_001.fastq.gz,forward
G36544,<path_to_data_dir>/data/t1d_samples/G36544_R2_001.fastq.gz,reverse
G36545,<path_to_data_dir>/data/t1d_samples/G36545_R1_001.fastq.gz,forward
G36545,<path_to_data_dir>/data/t1d_samples/G36545_R2_001.fastq.gz,reverse
G36546,<path_to_data_dir>/data/t1d_samples/G36546_R1_001.fastq.gz,forward
G36546,<path_to_data_dir>/data/t1d_samples/G36546_R2_001.fastq.gz,reverse
G36547,<path_to_data_dir>/data/t1d_samples/G36547_R1_001.fastq.gz,forward
G36547,<path_to_data_dir>/data/t1d_samples/G36547_R2_001.fastq.gz,reverse
G36548,<path_to_data_dir>/data/t1d_samples/G36548_R1_001.fastq.gz,forward
G36548,<path_to_data_dir>/data/t1d_samples/G36548_R2_001.fastq.gz,reverse
G36549,<path_to_data_dir>/data/t1d_samples/G36549_R1_001.fastq.gz,forward
G36549,<path_to_data_dir>/data/t1d_samples/G36549_R2_001.fastq.gz,reverse
G36550,<path_to_data_dir>/data/t1d_samples/G36550_R1_001.fastq.gz,forward
G36550,<path_to_data_dir>/data/t1d_samples/G36550_R2_001.fastq.gz,reverse
G36551,<path_to_data_dir>/data/t1d_samples/G36551_R1_001.fastq.gz,forward
G36551,<path_to_data_dir>/data/t1d_samples/G36551_R2_001.fastq.gz,reverse
G36552,<path_to_data_dir>/data/t1d_samples/G36552_R1_001.fastq.gz,forward
G36552,<path_to_data_dir>/data/t1d_samples/G36552_R2_001.fastq.gz,reverse
G36553,<path_to_data_dir>/data/t1d_samples/G36553_R1_001.fastq.gz,forward
G36553,<path_to_data_dir>/data/t1d_samples/G36553_R2_001.fastq.gz,reverse
G36554,<path_to_data_dir>/data/t1d_samples/G36554_R1_001.fastq.gz,forward
G36554,<path_to_data_dir>/data/t1d_samples/G36554_R2_001.fastq.gz,reverse
G36555,<path_to_data_dir>/data/t1d_samples/G36555_R1_001.fastq.gz,forward
G36555,<path_to_data_dir>/data/t1d_samples/G36555_R2_001.fastq.gz,reverse
G36556,<path_to_data_dir>/data/t1d_samples/G36556_R1_001.fastq.gz,forward
G36556,<path_to_data_dir>/data/t1d_samples/G36556_R2_001.fastq.gz,reverse
G36557,<path_to_data_dir>/data/t1d_samples/G36557_R1_001.fastq.gz,forward
G36557,<path_to_data_dir>/data/t1d_samples/G36557_R2_001.fastq.gz,reverse
G36558,<path_to_data_dir>/data/t1d_samples/G36558_R1_001.fastq.gz,forward
G36558,<path_to_data_dir>/data/t1d_samples/G36558_R2_001.fastq.gz,reverse
G36902,<path_to_data_dir>/data/t1d_samples/G36902_R1_001.fastq.gz,forward
G36902,<path_to_data_dir>/data/t1d_samples/G36902_R2_001.fastq.gz,reverse
G36904,<path_to_data_dir>/data/t1d_samples/G36904_R1_001.fastq.gz,forward
G36904,<path_to_data_dir>/data/t1d_samples/G36904_R2_001.fastq.gz,reverse
G36905,<path_to_data_dir>/data/t1d_samples/G36905_R1_001.fastq.gz,forward
G36905,<path_to_data_dir>/data/t1d_samples/G36905_R2_001.fastq.gz,reverse
G36906,<path_to_data_dir>/data/t1d_samples/G36906_R1_001.fastq.gz,forward
G36906,<path_to_data_dir>/data/t1d_samples/G36906_R2_001.fastq.gz,reverse
G36910,<path_to_data_dir>/data/t1d_samples/G36910_R1_001.fastq.gz,forward
G36910,<path_to_data_dir>/data/t1d_samples/G36910_R2_001.fastq.gz,reverse
G36911,<path_to_data_dir>/data/t1d_samples/G36911_R1_001.fastq.gz,forward
G36911,<path_to_data_dir>/data/t1d_samples/G36911_R2_001.fastq.gz,reverse
G36917,<path_to_data_dir>/data/t1d_samples/G36917_R1_001.fastq.gz,forward
G36917,<path_to_data_dir>/data/t1d_samples/G36917_R2_001.fastq.gz,reverse
G36918,<path_to_data_dir>/data/t1d_samples/G36918_R1_001.fastq.gz,forward
G36918,<path_to_data_dir>/data/t1d_samples/G36918_R2_001.fastq.gz,reverse
G36921,<path_to_data_dir>/data/t1d_samples/G36921_R1_001.fastq.gz,forward
G36921,<path_to_data_dir>/data/t1d_samples/G36921_R2_001.fastq.gz,reverse
G36923,<path_to_data_dir>/data/t1d_samples/G36923_R1_001.fastq.gz,forward
G36923,<path_to_data_dir>/data/t1d_samples/G36923_R2_001.fastq.gz,reverse
G36925,<path_to_data_dir>/data/t1d_samples/G36925_R1_001.fastq.gz,forward
G36925,<path_to_data_dir>/data/t1d_samples/G36925_R2_001.fastq.gz,reverse
G36927,<path_to_data_dir>/data/t1d_samples/G36927_R1_001.fastq.gz,forward
G36927,<path_to_data_dir>/data/t1d_samples/G36927_R2_001.fastq.gz,reverse
G36928,<path_to_data_dir>/data/t1d_samples/G36928_R1_001.fastq.gz,forward
G36928,<path_to_data_dir>/data/t1d_samples/G36928_R2_001.fastq.gz,reverse
G36930,<path_to_data_dir>/data/t1d_samples/G36930_R1_001.fastq.gz,forward
G36930,<path_to_data_dir>/data/t1d_samples/G36930_R2_001.fastq.gz,reverse
G36932,<path_to_data_dir>/data/t1d_samples/G36932_R1_001.fastq.gz,forward
G36932,<path_to_data_dir>/data/t1d_samples/G36932_R2_001.fastq.gz,reverse
G36933,<path_to_data_dir>/data/t1d_samples/G36933_R1_001.fastq.gz,forward
G36933,<path_to_data_dir>/data/t1d_samples/G36933_R2_001.fastq.gz,reverse
G36935,<path_to_data_dir>/data/t1d_samples/G36935_R1_001.fastq.gz,forward
G36935,<path_to_data_dir>/data/t1d_samples/G36935_R2_001.fastq.gz,reverse
G36936,<path_to_data_dir>/data/t1d_samples/G36936_R1_001.fastq.gz,forward
G36936,<path_to_data_dir>/data/t1d_samples/G36936_R2_001.fastq.gz,reverse
G36937,<path_to_data_dir>/data/t1d_samples/G36937_R1_001.fastq.gz,forward
G36937,<path_to_data_dir>/data/t1d_samples/G36937_R2_001.fastq.gz,reverse
G36938,<path_to_data_dir>/data/t1d_samples/G36938_R1_001.fastq.gz,forward
G36938,<path_to_data_dir>/data/t1d_samples/G36938_R2_001.fastq.gz,reverse
G36940,<path_to_data_dir>/data/t1d_samples/G36940_R1_001.fastq.gz,forward
G36940,<path_to_data_dir>/data/t1d_samples/G36940_R2_001.fastq.gz,reverse
G36944,<path_to_data_dir>/data/t1d_samples/G36944_R1_001.fastq.gz,forward
G36944,<path_to_data_dir>/data/t1d_samples/G36944_R2_001.fastq.gz,reverse
G36948,<path_to_data_dir>/data/t1d_samples/G36948_R1_001.fastq.gz,forward
G36948,<path_to_data_dir>/data/t1d_samples/G36948_R2_001.fastq.gz,reverse
G36951,<path_to_data_dir>/data/t1d_samples/G36951_R1_001.fastq.gz,forward
G36951,<path_to_data_dir>/data/t1d_samples/G36951_R2_001.fastq.gz,reverse
G36952,<path_to_data_dir>/data/t1d_samples/G36952_R1_001.fastq.gz,forward
G36952,<path_to_data_dir>/data/t1d_samples/G36952_R2_001.fastq.gz,reverse
G36953,<path_to_data_dir>/data/t1d_samples/G36953_R1_001.fastq.gz,forward
G36953,<path_to_data_dir>/data/t1d_samples/G36953_R2_001.fastq.gz,reverse
G36957,<path_to_data_dir>/data/t1d_samples/G36957_R1_001.fastq.gz,forward
G36957,<path_to_data_dir>/data/t1d_samples/G36957_R2_001.fastq.gz,reverse
G36958,<path_to_data_dir>/data/t1d_samples/G36958_R1_001.fastq.gz,forward
G36958,<path_to_data_dir>/data/t1d_samples/G36958_R2_001.fastq.gz,reverse
G36959,<path_to_data_dir>/data/t1d_samples/G36959_R1_001.fastq.gz,forward
G36959,<path_to_data_dir>/data/t1d_samples/G36959_R2_001.fastq.gz,reverse
G36960,<path_to_data_dir>/data/t1d_samples/G36960_R1_001.fastq.gz,forward
G36960,<path_to_data_dir>/data/t1d_samples/G36960_R2_001.fastq.gz,reverse
G36964,<path_to_data_dir>/data/t1d_samples/G36964_R1_001.fastq.gz,forward
G36964,<path_to_data_dir>/data/t1d_samples/G36964_R2_001.fastq.gz,reverse
G36966,<path_to_data_dir>/data/t1d_samples/G36966_R1_001.fastq.gz,forward
G36966,<path_to_data_dir>/data/t1d_samples/G36966_R2_001.fastq.gz,reverse
G36968,<path_to_data_dir>/data/t1d_samples/G36968_R1_001.fastq.gz,forward
G36968,<path_to_data_dir>/data/t1d_samples/G36968_R2_001.fastq.gz,reverse
G36972,<path_to_data_dir>/data/t1d_samples/G36972_R1_001.fastq.gz,forward
G36972,<path_to_data_dir>/data/t1d_samples/G36972_R2_001.fastq.gz,reverse
G36973,<path_to_data_dir>/data/t1d_samples/G36973_R1_001.fastq.gz,forward
G36973,<path_to_data_dir>/data/t1d_samples/G36973_R2_001.fastq.gz,reverse
G36974,<path_to_data_dir>/data/t1d_samples/G36974_R1_001.fastq.gz,forward
G36974,<path_to_data_dir>/data/t1d_samples/G36974_R2_001.fastq.gz,reverse
G36982,<path_to_data_dir>/data/t1d_samples/G36982_R1_001.fastq.gz,forward
G36982,<path_to_data_dir>/data/t1d_samples/G36982_R2_001.fastq.gz,reverse
G36984,<path_to_data_dir>/data/t1d_samples/G36984_R1_001.fastq.gz,forward
G36984,<path_to_data_dir>/data/t1d_samples/G36984_R2_001.fastq.gz,reverse
G36987,<path_to_data_dir>/data/t1d_samples/G36987_R1_001.fastq.gz,forward
G36987,<path_to_data_dir>/data/t1d_samples/G36987_R2_001.fastq.gz,reverse
G36988,<path_to_data_dir>/data/t1d_samples/G36988_R1_001.fastq.gz,forward
G36988,<path_to_data_dir>/data/t1d_samples/G36988_R2_001.fastq.gz,reverse
G36991,<path_to_data_dir>/data/t1d_samples/G36991_R1_001.fastq.gz,forward
G36991,<path_to_data_dir>/data/t1d_samples/G36991_R2_001.fastq.gz,reverse
G36992,<path_to_data_dir>/data/t1d_samples/G36992_R1_001.fastq.gz,forward
G36992,<path_to_data_dir>/data/t1d_samples/G36992_R2_001.fastq.gz,reverse
G36993,<path_to_data_dir>/data/t1d_samples/G36993_R1_001.fastq.gz,forward
G36993,<path_to_data_dir>/data/t1d_samples/G36993_R2_001.fastq.gz,reverse
G36998,<path_to_data_dir>/data/t1d_samples/G36998_R1_001.fastq.gz,forward
G36998,<path_to_data_dir>/data/t1d_samples/G36998_R2_001.fastq.gz,reverse
G37004,<path_to_data_dir>/data/t1d_samples/G37004_R1_001.fastq.gz,forward
G37004,<path_to_data_dir>/data/t1d_samples/G37004_R2_001.fastq.gz,reverse
G37005,<path_to_data_dir>/data/t1d_samples/G37005_R1_001.fastq.gz,forward
G37005,<path_to_data_dir>/data/t1d_samples/G37005_R2_001.fastq.gz,reverse
G37009,<path_to_data_dir>/data/t1d_samples/G37009_R1_001.fastq.gz,forward
G37009,<path_to_data_dir>/data/t1d_samples/G37009_R2_001.fastq.gz,reverse
G37010,<path_to_data_dir>/data/t1d_samples/G37010_R1_001.fastq.gz,forward
G37010,<path_to_data_dir>/data/t1d_samples/G37010_R2_001.fastq.gz,reverse
G37011,<path_to_data_dir>/data/t1d_samples/G37011_R1_001.fastq.gz,forward
G37011,<path_to_data_dir>/data/t1d_samples/G37011_R2_001.fastq.gz,reverse
G37012,<path_to_data_dir>/data/t1d_samples/G37012_R1_001.fastq.gz,forward
G37012,<path_to_data_dir>/data/t1d_samples/G37012_R2_001.fastq.gz,reverse
G37013,<path_to_data_dir>/data/t1d_samples/G37013_R1_001.fastq.gz,forward
G37013,<path_to_data_dir>/data/t1d_samples/G37013_R2_001.fastq.gz,reverse
G37014,<path_to_data_dir>/data/t1d_samples/G37014_R1_001.fastq.gz,forward
G37014,<path_to_data_dir>/data/t1d_samples/G37014_R2_001.fastq.gz,reverse
G37015,<path_to_data_dir>/data/t1d_samples/G37015_R1_001.fastq.gz,forward
G37015,<path_to_data_dir>/data/t1d_samples/G37015_R2_001.fastq.gz,reverse
G37016,<path_to_data_dir>/data/t1d_samples/G37016_R1_001.fastq.gz,forward
G37016,<path_to_data_dir>/data/t1d_samples/G37016_R2_001.fastq.gz,reverse
G37017,<path_to_data_dir>/data/t1d_samples/G37017_R1_001.fastq.gz,forward
G37017,<path_to_data_dir>/data/t1d_samples/G37017_R2_001.fastq.gz,reverse
G37018,<path_to_data_dir>/data/t1d_samples/G37018_R1_001.fastq.gz,forward
G37018,<path_to_data_dir>/data/t1d_samples/G37018_R2_001.fastq.gz,reverse
G37019,<path_to_data_dir>/data/t1d_samples/G37019_R1_001.fastq.gz,forward
G37019,<path_to_data_dir>/data/t1d_samples/G37019_R2_001.fastq.gz,reverse
G37020,<path_to_data_dir>/data/t1d_samples/G37020_R1_001.fastq.gz,forward
G37020,<path_to_data_dir>/data/t1d_samples/G37020_R2_001.fastq.gz,reverse
G37021,<path_to_data_dir>/data/t1d_samples/G37021_R1_001.fastq.gz,forward
G37021,<path_to_data_dir>/data/t1d_samples/G37021_R2_001.fastq.gz,reverse
G37022,<path_to_data_dir>/data/t1d_samples/G37022_R1_001.fastq.gz,forward
G37022,<path_to_data_dir>/data/t1d_samples/G37022_R2_001.fastq.gz,reverse
G37023,<path_to_data_dir>/data/t1d_samples/G37023_R1_001.fastq.gz,forward
G37023,<path_to_data_dir>/data/t1d_samples/G37023_R2_001.fastq.gz,reverse
G37024,<path_to_data_dir>/data/t1d_samples/G37024_R1_001.fastq.gz,forward
G37024,<path_to_data_dir>/data/t1d_samples/G37024_R2_001.fastq.gz,reverse
G37025,<path_to_data_dir>/data/t1d_samples/G37025_R1_001.fastq.gz,forward
G37025,<path_to_data_dir>/data/t1d_samples/G37025_R2_001.fastq.gz,reverse
G37026,<path_to_data_dir>/data/t1d_samples/G37026_R1_001.fastq.gz,forward
G37026,<path_to_data_dir>/data/t1d_samples/G37026_R2_001.fastq.gz,reverse
G37027,<path_to_data_dir>/data/t1d_samples/G37027_R1_001.fastq.gz,forward
G37027,<path_to_data_dir>/data/t1d_samples/G37027_R2_001.fastq.gz,reverse
G37028,<path_to_data_dir>/data/t1d_samples/G37028_R1_001.fastq.gz,forward
G37028,<path_to_data_dir>/data/t1d_samples/G37028_R2_001.fastq.gz,reverse
G37029,<path_to_data_dir>/data/t1d_samples/G37029_R1_001.fastq.gz,forward
G37029,<path_to_data_dir>/data/t1d_samples/G37029_R2_001.fastq.gz,reverse
G37030,<path_to_data_dir>/data/t1d_samples/G37030_R1_001.fastq.gz,forward
G37030,<path_to_data_dir>/data/t1d_samples/G37030_R2_001.fastq.gz,reverse
G37031,<path_to_data_dir>/data/t1d_samples/G37031_R1_001.fastq.gz,forward
G37031,<path_to_data_dir>/data/t1d_samples/G37031_R2_001.fastq.gz,reverse
G37032,<path_to_data_dir>/data/t1d_samples/G37032_R1_001.fastq.gz,forward
G37032,<path_to_data_dir>/data/t1d_samples/G37032_R2_001.fastq.gz,reverse
G37033,<path_to_data_dir>/data/t1d_samples/G37033_R1_001.fastq.gz,forward
G37033,<path_to_data_dir>/data/t1d_samples/G37033_R2_001.fastq.gz,reverse
G37034,<path_to_data_dir>/data/t1d_samples/G37034_R1_001.fastq.gz,forward
G37034,<path_to_data_dir>/data/t1d_samples/G37034_R2_001.fastq.gz,reverse
G37035,<path_to_data_dir>/data/t1d_samples/G37035_R1_001.fastq.gz,forward
G37035,<path_to_data_dir>/data/t1d_samples/G37035_R2_001.fastq.gz,reverse
G37036,<path_to_data_dir>/data/t1d_samples/G37036_R1_001.fastq.gz,forward
G37036,<path_to_data_dir>/data/t1d_samples/G37036_R2_001.fastq.gz,reverse
G37037,<path_to_data_dir>/data/t1d_samples/G37037_R1_001.fastq.gz,forward
G37037,<path_to_data_dir>/data/t1d_samples/G37037_R2_001.fastq.gz,reverse
G37038,<path_to_data_dir>/data/t1d_samples/G37038_R1_001.fastq.gz,forward
G37038,<path_to_data_dir>/data/t1d_samples/G37038_R2_001.fastq.gz,reverse
G37039,<path_to_data_dir>/data/t1d_samples/G37039_R1_001.fastq.gz,forward
G37039,<path_to_data_dir>/data/t1d_samples/G37039_R2_001.fastq.gz,reverse
G37040,<path_to_data_dir>/data/t1d_samples/G37040_R1_001.fastq.gz,forward
G37040,<path_to_data_dir>/data/t1d_samples/G37040_R2_001.fastq.gz,reverse
G37041,<path_to_data_dir>/data/t1d_samples/G37041_R1_001.fastq.gz,forward
G37041,<path_to_data_dir>/data/t1d_samples/G37041_R2_001.fastq.gz,reverse
G37042,<path_to_data_dir>/data/t1d_samples/G37042_R1_001.fastq.gz,forward
G37042,<path_to_data_dir>/data/t1d_samples/G37042_R2_001.fastq.gz,reverse
G37043,<path_to_data_dir>/data/t1d_samples/G37043_R1_001.fastq.gz,forward
G37043,<path_to_data_dir>/data/t1d_samples/G37043_R2_001.fastq.gz,reverse
G37044,<path_to_data_dir>/data/t1d_samples/G37044_R1_001.fastq.gz,forward
G37044,<path_to_data_dir>/data/t1d_samples/G37044_R2_001.fastq.gz,reverse
G37045,<path_to_data_dir>/data/t1d_samples/G37045_R1_001.fastq.gz,forward
G37045,<path_to_data_dir>/data/t1d_samples/G37045_R2_001.fastq.gz,reverse
G37046,<path_to_data_dir>/data/t1d_samples/G37046_R1_001.fastq.gz,forward
G37046,<path_to_data_dir>/data/t1d_samples/G37046_R2_001.fastq.gz,reverse
G37047,<path_to_data_dir>/data/t1d_samples/G37047_R1_001.fastq.gz,forward
G37047,<path_to_data_dir>/data/t1d_samples/G37047_R2_001.fastq.gz,reverse
G37048,<path_to_data_dir>/data/t1d_samples/G37048_R1_001.fastq.gz,forward
G37048,<path_to_data_dir>/data/t1d_samples/G37048_R2_001.fastq.gz,reverse
G37049,<path_to_data_dir>/data/t1d_samples/G37049_R1_001.fastq.gz,forward
G37049,<path_to_data_dir>/data/t1d_samples/G37049_R2_001.fastq.gz,reverse
G37050,<path_to_data_dir>/data/t1d_samples/G37050_R1_001.fastq.gz,forward
G37050,<path_to_data_dir>/data/t1d_samples/G37050_R2_001.fastq.gz,reverse
G37051,<path_to_data_dir>/data/t1d_samples/G37051_R1_001.fastq.gz,forward
G37051,<path_to_data_dir>/data/t1d_samples/G37051_R2_001.fastq.gz,reverse
G37052,<path_to_data_dir>/data/t1d_samples/G37052_R1_001.fastq.gz,forward
G37052,<path_to_data_dir>/data/t1d_samples/G37052_R2_001.fastq.gz,reverse
G37053,<path_to_data_dir>/data/t1d_samples/G37053_R1_001.fastq.gz,forward
G37053,<path_to_data_dir>/data/t1d_samples/G37053_R2_001.fastq.gz,reverse
G37054,<path_to_data_dir>/data/t1d_samples/G37054_R1_001.fastq.gz,forward
G37054,<path_to_data_dir>/data/t1d_samples/G37054_R2_001.fastq.gz,reverse
